Stock,Sector,Signal,Momentum %,Momentum Quality,Momentum Rank,ID,ID Rank,Last Price,1D Return %,5D Return %,20D Return %,Volume vs 20D Avg,20D High Distance %,20D Low Distance %,Market Proxy,Market 1D %,Market 5D %,Market 20D %,AI View,Why Selected,Risk Flags,Evidence Confidence,News Evidence,Catalyst Assessment,AI-Style Explanation
CUPID,Miscellaneous,HOLD,,Unknown,1.0,-0.3463414634146342,1.0,310.1000061035156,-0.7679980468749958,14.851854112413188,9.517927878495303,0.6809536278708678,-0.7679980468749958,23.39832962104953,^CRSLDX,0.5208660972652712,-2.7955864827349797,,HOLD / CONTINUES,"Plan 2 Top 50: momentum rank 1.0, ID rank 1.0.",No major Plan 2 risk flag,High,"Cupid shares surge 17% in 2 days to record high; what's behind sharp rise? - Business Standard [Wed, 30 Sep 2026 05:47:05 GMT] | Cupid shares rally 16% in two sessions. What’s behind the sharp uptick in the multibagger stock? - The Economic Times [Wed, 30 Sep 2026 04:57:31 GMT] | 4:1 Bonus Allotment: How Your 1 Cupid Stock Became 80 Shares In 2 Years; Buy Condom Maker Shares? - goodreturns.in [Sun, 27 Sep 2026 07:00:00 GMT]",News evidence available; headline requires manual verification.,"CUPID: HOLD / CONTINUES. Plan 2 evidence: momentum rank #1, ID rank #1, ID -0.3463. Momentum quality: Unknown. Price context: 1D -0.77%, 5D +14.85%, 20D +9.52%. Sector: Miscellaneous. News evidence available; headline requires manual verification."
FEDERALBNK,Financial services,HOLD,,Unknown,18.0,-0.2058823529411764,2.0,327.3500061035156,2.8755479401211037,1.6614925787315604,-4.562680436292821,1.3032812000715226,-5.390171646382768,3.1348495268958,^CRSLDX,0.5208660972652712,-2.7955864827349797,,HOLD / CONTINUES,"Plan 2 Top 50: momentum rank 18.0, ID rank 2.0.",No major Plan 2 risk flag,High,"Federal Bank (NSEI:FEDERALBNK) Stock Forecast & Analyst Predictions - Simply Wall Street [Wed, 30 Sep 2026 07:00:00 GMT] | Federal Bank FEDERALBNK ESOS Share Allotment September 2026 - Kalkine India [Sun, 27 Sep 2026 13:17:00 GMT] | Why Is Federal Bank Share Price Falling? Key Reasons 2026 - Univest [Mon, 27 Apr 2026 07:00:00 GMT]",News evidence available; headline requires manual verification.,"FEDERALBNK: HOLD / CONTINUES. Plan 2 evidence: momentum rank #18, ID rank #2, ID -0.2059. Momentum quality: Unknown. Price context: 1D +2.88%, 5D +1.66%, 20D -4.56%. Sector: Financial services. News evidence available; headline requires manual verification."
NATIONALUM,Metals,HOLD,,Unknown,21.0,-0.196078431372549,3.0,340.0,1.5228444898365723,-5.213273367896665,-9.115211319745331,1.143265156980909,-9.957628574086385,1.5228444898365723,^CRSLDX,0.5208660972652712,-2.7955864827349797,,HOLD / CONTINUES,"Plan 2 Top 50: momentum rank 21.0, ID rank 3.0.",No major Plan 2 risk flag,High,"National Aluminium Company Limited (NATIONALUM.NS) Stock Price, News, Quote & History - Yahoo! Finance Canada [Thu, 01 Oct 2026 09:45:00 GMT] | National Aluminium Share Price - Live NSE: NATIONALUM Stock Price & Chart - Upstox [Thu, 01 Oct 2026 07:00:00 GMT] | National Aluminium Company Ltd (NATIONALUM) Share Price - Business Today [Thu, 01 Oct 2026 07:00:00 GMT]",News evidence available; headline requires manual verification.,"NATIONALUM: HOLD / CONTINUES. Plan 2 evidence: momentum rank #21, ID rank #3, ID -0.1961. Momentum quality: Unknown. Price context: 1D +1.52%, 5D -5.21%, 20D -9.12%. Sector: Metals. News evidence available; headline requires manual verification."
ACUTAAS,Miscellaneous,HOLD,,Unknown,10.0,-0.1764705882352941,4.0,3122.199951171875,-2.324418859005939,-4.592820437834222,-1.4612608119970005,0.7760337675326774,-9.538157283609017,0.0,^CRSLDX,0.5208660972652712,-2.7955864827349797,,HOLD / CONTINUES,"Plan 2 Top 50: momentum rank 10.0, ID rank 4.0.",No major Plan 2 risk flag,High,"Acutaas Chemicals (NSEI:ACUTAAS) - Stock Analysis - Simply Wall Street [Fri, 02 Oct 2026 03:49:28 GMT] | Ami Organics Ltd Share Price Today,, AMIORG Share Price NSE, BSE - Business Today [Thu, 01 Oct 2026 07:00:00 GMT] | Acutaas Chemicals drops 7% despite 70% jump in Q1 PAT; stock up 180% in 1yr - Business Standard [Fri, 24 Jul 2026 07:00:00 GMT]",News evidence available; headline requires manual verification.,"ACUTAAS: HOLD / CONTINUES. Plan 2 evidence: momentum rank #10, ID rank #4, ID -0.1765. Momentum quality: Unknown. Price context: 1D -2.32%, 5D -4.59%, 20D -1.46%. Sector: Miscellaneous. News evidence available; headline requires manual verification."
HINDALCO,Miscellaneous,HOLD,,Unknown,87.0,-0.1707317073170731,5.0,938.4000244140625,-0.3662951915169632,-3.9508675113549163,-7.181006487234177,1.1950837036013344,-8.618170989965368,0.0,^CRSLDX,0.5208660972652712,-2.7955864827349797,,HOLD / CONTINUES,"Plan 2 Top 50: momentum rank 87.0, ID rank 5.0.",No major Plan 2 risk flag,High,"Hindalco Industries Share Price - Upstox [Thu, 01 Oct 2026 07:00:00 GMT] | HINDALCO Share Price Today - Hindalco Industries on NSE/BSE - scanx.trade [Fri, 02 Oct 2026 19:50:31 GMT] | Stocks to Watch Today: HDFC Bank, AceVector, Orient Cables, Manipal Payment, Pranav Constructions, DLF,... - Moneycontrol.com [Mon, 05 Oct 2026 00:59:55 GMT]",News evidence available; headline requires manual verification.,"HINDALCO: HOLD / CONTINUES. Plan 2 evidence: momentum rank #87, ID rank #5, ID -0.1707. Momentum quality: Unknown. Price context: 1D -0.37%, 5D -3.95%, 20D -7.18%. Sector: Miscellaneous. News evidence available; headline requires manual verification."
SANSERA,Auto ancillary,HOLD,,Unknown,5.0,-0.1609756097560975,6.0,4291.2998046875,0.34372414290748665,-7.959422302443453,13.448413628140266,0.8834891332328173,-7.959422302443453,10.837612904084203,^CRSLDX,0.5208660972652712,-2.7955864827349797,,HOLD / CONTINUES,"Plan 2 Top 50: momentum rank 5.0, ID rank 6.0.",No major Plan 2 risk flag,High,"Sansera Engineering (NSEI:SANSERA) Stock Forecast & Analyst Predictions - Simply Wall Street [Wed, 30 Sep 2026 07:00:00 GMT] | Sansera Engineering ESOP 2018 allotment of 14,189 shares - Kalkine India [Tue, 22 Sep 2026 10:47:00 GMT] | Sansera Engineering: Strong order wins lift growth outlook; Nomura raises target to Rs 4,278 - Moneycontrol.com [Fri, 14 Aug 2026 07:00:00 GMT]",News evidence available; headline requires manual verification.,"SANSERA: HOLD / CONTINUES. Plan 2 evidence: momentum rank #5, ID rank #6, ID -0.1610. Momentum quality: Unknown. Price context: 1D +0.34%, 5D -7.96%, 20D +13.45%. Sector: Auto ancillary. News evidence available; headline requires manual verification."
SHRIRAMFIN,Financial services,HOLD,,Unknown,23.0,-0.1470588235294117,7.0,971.4000244140625,2.7936533771494743,-2.2834676319648084,-6.685876617285058,1.2841010289043306,-6.416182619069122,2.7936533771494743,^CRSLDX,0.5208660972652712,-2.7955864827349797,,HOLD / CONTINUES,"Plan 2 Top 50: momentum rank 23.0, ID rank 7.0.",No major Plan 2 risk flag,High,"SHRIRAMFIN Outlook for the Week - Equitypandit [Fri, 25 Sep 2026 07:00:00 GMT] | Shriram Finance (NSE: SHRIRAMFIN) Q1 Results Explained: Why Did the Stock Gain Over 3%? - Kalkine India [Mon, 27 Jul 2026 07:00:00 GMT] | Shriram Finance Limited Actuals & Estimates (NSE:SHRIRAMFIN) - TradingView [Thu, 25 Jun 2026 16:01:05 GMT]",News evidence available; headline requires manual verification.,"SHRIRAMFIN: HOLD / CONTINUES. Plan 2 evidence: momentum rank #23, ID rank #7, ID -0.1471. Momentum quality: Unknown. Price context: 1D +2.79%, 5D -2.28%, 20D -6.69%. Sector: Financial services. News evidence available; headline requires manual verification."
POWERINDIA,Engineering & capital goods,HOLD,,Unknown,22.0,-0.1470588235294117,8.0,31500.0,0.6711409395973256,1.4983083615273118,-0.4739336492891044,0.681233422878932,-3.669724770642202,4.304635761589415,^CRSLDX,0.5208660972652712,-2.7955864827349797,,HOLD / CONTINUES,"Plan 2 Top 50: momentum rank 22.0, ID rank 8.0.",No major Plan 2 risk flag,High,"Hitachi Energy India (NSEI:POWERINDIA) Stock Forecast & Analyst Predictions - Simply Wall Street [Mon, 21 Sep 2026 07:00:00 GMT] | Hitachi Energy India Limited Actuals & Estimates (NSE:POWERINDIA) - TradingView [Sun, 26 Jul 2026 02:35:01 GMT] | Hitachi Energy Q1 FY27 Results Preview: What to Expect Ahead of August 7 Earnings at 5:30 PM IST - NiftyTrader [Mon, 10 Aug 2026 07:00:00 GMT]",News evidence available; headline requires manual verification.,"POWERINDIA: HOLD / CONTINUES. Plan 2 evidence: momentum rank #22, ID rank #8, ID -0.1471. Momentum quality: Unknown. Price context: 1D +0.67%, 5D +1.50%, 20D -0.47%. Sector: Engineering & capital goods. News evidence available; headline requires manual verification."
LAURUSLABS,Healthcare,HOLD,,Unknown,12.0,-0.1470588235294117,9.0,1971.4000244140625,-0.6350794146137817,-1.773790512503115,7.141305674677301,0.8414052045727024,-3.0776782490628096,5.04609557766833,^CRSLDX,0.5208660972652712,-2.7955864827349797,,HOLD / CONTINUES,"Plan 2 Top 50: momentum rank 12.0, ID rank 9.0.",No major Plan 2 risk flag,High,"Buy, Sell Or Hold: NSE vs BSE, Ola Electric, Laurus Labs, GE Shipping, Optiemus Infracom — Ask Profit - NDTV Profit [Thu, 24 Sep 2026 07:00:00 GMT] | Laurus Labs Limited (NSE:LAURUSLABS) Goes Ex-Dividend Soon - Simply Wall Street [Mon, 04 May 2026 07:00:00 GMT] | Multibagger Pharma Stock Up 129% in 1 Year: Why It Rallied - Univest [Thu, 10 Sep 2026 07:00:00 GMT]",News evidence available; headline requires manual verification.,"LAURUSLABS: HOLD / CONTINUES. Plan 2 evidence: momentum rank #12, ID rank #9, ID -0.1471. Momentum quality: Unknown. Price context: 1D -0.64%, 5D -1.77%, 20D +7.14%. Sector: Healthcare. News evidence available; headline requires manual verification."
BHEL,Engineering & capital goods,HOLD,,Unknown,27.0,-0.1428571428571428,10.0,429.0,1.9002375296912177,2.3988512949373986,-0.4871273657582331,1.2761848259296678,-2.4778345186904693,4.481245402574485,^CRSLDX,0.5208660972652712,-2.7955864827349797,,HOLD / CONTINUES,"Plan 2 Top 50: momentum rank 27.0, ID rank 10.0.",No major Plan 2 risk flag,High,"Is Bharat Heavy Electricals Limited (NSE:BHEL) Potentially Undervalued? - Simply Wall Street [Fri, 04 Sep 2026 07:00:00 GMT] | Stocks to watch: Paytm, BHEL, Bharat Forge, Tempsens Instruments, Groww - Business Standard [Wed, 16 Sep 2026 07:00:00 GMT] | BHEL shares hit all-time high post strong Q1 show; will profitability concerns weigh on outlook? - Upstox [Fri, 17 Jul 2026 06:53:51 GMT]",News evidence available; headline requires manual verification.,"BHEL: HOLD / CONTINUES. Plan 2 evidence: momentum rank #27, ID rank #10, ID -0.1429. Momentum quality: Unknown. Price context: 1D +1.90%, 5D +2.40%, 20D -0.49%. Sector: Engineering & capital goods. News evidence available; headline requires manual verification."
MTARTECH,Defence,HOLD,,Unknown,3.0,-0.1414634146341463,11.0,7654.0,-1.8340387328459662,10.92753623188405,6.88451333612623,0.9407276392146515,-1.8655041989871113,12.691401648998824,^CRSLDX,0.5208660972652712,-2.7955864827349797,,HOLD / CONTINUES,"Plan 2 Top 50: momentum rank 3.0, ID rank 11.0.",No major Plan 2 risk flag,High,"MTAR Technologies (NSEI:MTARTECH) - Stock Analysis - Simply Wall Street [Fri, 02 Oct 2026 10:24:37 GMT] | MTAR Technologies Ltd (MTARTECH) Share Price - Business Today [Thu, 01 Oct 2026 07:00:00 GMT] | MTARTECH Stock Price and Chart — NSE:MTARTECH - TradingView [Fri, 08 May 2026 07:00:00 GMT]",News evidence available; headline requires manual verification.,"MTARTECH: HOLD / CONTINUES. Plan 2 evidence: momentum rank #3, ID rank #11, ID -0.1415. Momentum quality: Unknown. Price context: 1D -1.83%, 5D +10.93%, 20D +6.88%. Sector: Defence. News evidence available; headline requires manual verification."
CUMMINSIND,Engineering & capital goods,HOLD,,Unknown,67.0,-0.1274509803921568,12.0,4832.2998046875,-0.5699628665123413,-2.2790737171385245,-4.025823144240315,1.7870043283033294,-6.540957263562519,1.518903459821419,^CRSLDX,0.5208660972652712,-2.7955864827349797,,HOLD / CONTINUES,"Plan 2 Top 50: momentum rank 67.0, ID rank 12.0.",No major Plan 2 risk flag,High,"Cummins India Share Price - Live NSE: CUMMINSIND Stock Price & Chart - Upstox [Thu, 01 Oct 2026 07:00:00 GMT] | Cummins India (NSEI:CUMMINSIND) Stock Forecast & Analyst Predictions - Simply Wall Street [Thu, 01 Oct 2026 07:00:00 GMT] | CUMMINSIND Forecast — Price Target — Prediction for 2027 - TradingView [Thu, 25 Jun 2026 14:08:27 GMT]",News evidence available; headline requires manual verification.,"CUMMINSIND: HOLD / CONTINUES. Plan 2 evidence: momentum rank #67, ID rank #12, ID -0.1275. Momentum quality: Unknown. Price context: 1D -0.57%, 5D -2.28%, 20D -4.03%. Sector: Engineering & capital goods. News evidence available; headline requires manual verification."
RRKABEL,Engineering & capital goods,HOLD,,Unknown,11.0,-0.1219512195121951,13.0,2648.0,5.154477457904849,4.7344044955169196,7.9010592326258955,1.6944896083109513,0.0,11.199762554203208,^CRSLDX,0.5208660972652712,-2.7955864827349797,,HOLD / CONTINUES,"Plan 2 Top 50: momentum rank 11.0, ID rank 13.0.",No major Plan 2 risk flag,High,"R R Kabel (NSEI:RRKABEL) Stock Forecast & Analyst Predictions - Simply Wall Street [Wed, 09 Sep 2026 07:00:00 GMT] | R R Kabel Ltd Share Price Today NSE/BSE Charts - Alice Blue [Fri, 04 Sep 2026 21:55:54 GMT] | Here's Why R R Kabel (NSE:RRKABEL) Has Caught The Eye Of Investors - Simply Wall Street [Wed, 23 Sep 2026 07:00:00 GMT]",News evidence available; headline requires manual verification.,"RRKABEL: HOLD / CONTINUES. Plan 2 evidence: momentum rank #11, ID rank #13, ID -0.1220. Momentum quality: Unknown. Price context: 1D +5.15%, 5D +4.73%, 20D +7.90%. Sector: Engineering & capital goods. News evidence available; headline requires manual verification."
BHARATFORG,Engineering & capital goods,HOLD,,Unknown,19.0,-0.1121951219512195,14.0,1833.0,-2.2399999999999975,-8.715139442231079,-6.288343558282206,1.2273689390431786,-8.760577401692382,0.0,^CRSLDX,0.5208660972652712,-2.7955864827349797,,HOLD / CONTINUES,"Plan 2 Top 50: momentum rank 19.0, ID rank 14.0.",No major Plan 2 risk flag,High,"Bharat Forge Limited (NSE:BHARATFORG) Will Pay A ₹6.50 Dividend In Three Days - Simply Wall Street [Mon, 29 Jun 2026 07:00:00 GMT] | Bharat Forge Share Price News: Today's Decline and Metrics - Univest [Mon, 28 Sep 2026 09:32:00 GMT] | Bharat Forge BHARATFORG ICRA AA+ Credit Rating Reaffirmed 2026 - Kalkine India [Wed, 23 Sep 2026 07:13:00 GMT]",News evidence available; headline requires manual verification.,"BHARATFORG: HOLD / CONTINUES. Plan 2 evidence: momentum rank #19, ID rank #14, ID -0.1122. Momentum quality: Unknown. Price context: 1D -2.24%, 5D -8.72%, 20D -6.29%. Sector: Engineering & capital goods. News evidence available; headline requires manual verification."
ATHERENERG,Automobile,HOLD,,Unknown,8.0,-0.1121951219512195,15.0,1409.9000244140625,0.27025452628584024,-5.8183016423471905,-10.991160074869788,0.9153858852352305,-14.979196592896438,0.27025452628584024,^CRSLDX,0.5208660972652712,-2.7955864827349797,,HOLD / CONTINUES,"Plan 2 Top 50: momentum rank 8.0, ID rank 15.0.",No major Plan 2 risk flag,High,"ATHER ENERGY LIMITED Share Price - Live NSE: ATHERENERG Stock Price & Chart - Upstox [Tue, 05 May 2026 11:34:19 GMT] | ATHERENERG Forecast — Price Target — Prediction for 2027 - TradingView [Thu, 25 Jun 2026 18:21:58 GMT] | Public companies who hold 30% of Ather Energy Limited (NSE:ATHERENERG) gained 9.2%, institutions profited as well - Simply Wall Street [Wed, 04 Feb 2026 08:00:00 GMT]",News evidence available; headline requires manual verification.,"ATHERENERG: HOLD / CONTINUES. Plan 2 evidence: momentum rank #8, ID rank #15, ID -0.1122. Momentum quality: Unknown. Price context: 1D +0.27%, 5D -5.82%, 20D -10.99%. Sector: Automobile. News evidence available; headline requires manual verification."
HSCL,Chemicals,HOLD,,Unknown,29.0,-0.1078431372549019,16.0,659.8499755859375,-0.796820060676362,-2.7845339836556127,-1.6690280024990733,0.41836905769967336,-2.7845339836556127,3.5464849879854876,^CRSLDX,0.5208660972652712,-2.7955864827349797,,HOLD / CONTINUES,"Plan 2 Top 50: momentum rank 29.0, ID rank 16.0.",No major Plan 2 risk flag,High,"Himadri Speciality Chemicals Share Price - Live NSE: HSCL Stock Price & Chart - Upstox [Thu, 01 Oct 2026 07:00:00 GMT] | We Ran A Stock Scan For Earnings Growth And Himadri Speciality Chemical (NSE:HSCL) Passed With Ease - Simply Wall Street [Fri, 04 Sep 2026 07:00:00 GMT] | Himadri Speciality Chemical Ltd. (HSCL) Share Price Falls 7.32% Today - Univest [Wed, 19 Aug 2026 07:00:00 GMT]",News evidence available; headline requires manual verification.,"HSCL: HOLD / CONTINUES. Plan 2 evidence: momentum rank #29, ID rank #16, ID -0.1078. Momentum quality: Unknown. Price context: 1D -0.80%, 5D -2.78%, 20D -1.67%. Sector: Chemicals. News evidence available; headline requires manual verification."
AIAENG,Engineering & capital goods,HOLD,,Unknown,58.0,-0.1078431372549019,17.0,3863.199951171875,1.0145395308776894,-1.4338917327182732,-9.577753967913827,0.47306499237648464,-9.293262475419695,1.5082217039075418,^CRSLDX,0.5208660972652712,-2.7955864827349797,,HOLD / CONTINUES,"Plan 2 Top 50: momentum rank 58.0, ID rank 17.0.",No major Plan 2 risk flag,High,"AIA Engineering Limited (NSE:AIAENG) Just Released Its First-Quarter Earnings: Here's What Analysts Think - Simply Wall Street [Sat, 15 Aug 2026 07:00:00 GMT] | AIA Engineering Ltd. (AIAENG) Share Price Rises 3.76% Today - Univest [Fri, 14 Aug 2026 07:00:00 GMT] | What To Expect From AIA Engineering Ltd (NSE:AIAENG) Q4 2026 Earnings - Yahoo Finance [Mon, 25 May 2026 07:00:00 GMT]",News evidence available; headline requires manual verification.,"AIAENG: HOLD / CONTINUES. Plan 2 evidence: momentum rank #58, ID rank #17, ID -0.1078. Momentum quality: Unknown. Price context: 1D +1.01%, 5D -1.43%, 20D -9.58%. Sector: Engineering & capital goods. News evidence available; headline requires manual verification."
TORNTPHARM,Healthcare,HOLD,,Unknown,60.0,-0.1024390243902439,18.0,4772.0,0.09859240041665274,-4.339981958504557,-1.750051472102121,0.9733362059236917,-4.339981958504557,0.09859240041665274,^CRSLDX,0.5208660972652712,-2.7955864827349797,,HOLD / CONTINUES,"Plan 2 Top 50: momentum rank 60.0, ID rank 18.0.",No major Plan 2 risk flag,High,"TORNTPHARM Forecast — Price Target — Prediction for 2027 - TradingView [Thu, 25 Jun 2026 12:59:13 GMT] | Torrent Pharmaceuticals Limited Just Recorded A 7.2% EPS Beat: Here's What Analysts Are Forecasting Next - Simply Wall Street [Sun, 02 Aug 2026 07:00:00 GMT] | Torrent Pharma shares soar 6% to 52-week high post Q3 results, dividend declared; check numbers - Upstox [Mon, 16 Feb 2026 08:00:00 GMT]",News evidence available; headline requires manual verification.,"TORNTPHARM: HOLD / CONTINUES. Plan 2 evidence: momentum rank #60, ID rank #18, ID -0.1024. Momentum quality: Unknown. Price context: 1D +0.10%, 5D -4.34%, 20D -1.75%. Sector: Healthcare. News evidence available; headline requires manual verification."
ABB,Engineering & capital goods,HOLD,,Unknown,47.0,-0.1024390243902439,19.0,6895.0,-0.07246376811593791,-2.2332506203473934,-6.95006747638327,0.8999685103688405,-7.250470809792842,3.520756699947447,^CRSLDX,0.5208660972652712,-2.7955864827349797,,HOLD / CONTINUES,"Plan 2 Top 50: momentum rank 47.0, ID rank 19.0.",No major Plan 2 risk flag,High,"ABB India Shares Crash Over 12% In 5 Days Despite 275% Profit Jump; Brokerages Cautious After Q1 CY2026 Result - goodreturns.in [Sat, 03 Oct 2026 18:05:36 GMT] | ABB India stock jumps up to 10% on parent's $5.5-billion deal, Q2 results - Moneycontrol.com [Thu, 16 Jul 2026 07:00:00 GMT] | Why You Might Be Interested In ABB India Limited (NSE:ABB) For Its Upcoming Dividend - Simply Wall Street [Tue, 04 Aug 2026 07:00:00 GMT]",News evidence available; headline requires manual verification.,"ABB: HOLD / CONTINUES. Plan 2 evidence: momentum rank #47, ID rank #19, ID -0.1024. Momentum quality: Unknown. Price context: 1D -0.07%, 5D -2.23%, 20D -6.95%. Sector: Engineering & capital goods. News evidence available; headline requires manual verification."
APARINDS,Engineering & capital goods,HOLD,,Unknown,17.0,-0.1024390243902439,20.0,18102.0,2.5725294650951858,1.8339333933393265,3.909075254003791,0.8004119129986033,-4.449722882026919,9.377643504531719,^CRSLDX,0.5208660972652712,-2.7955864827349797,,HOLD / CONTINUES,"Plan 2 Top 50: momentum rank 17.0, ID rank 20.0.",No major Plan 2 risk flag,High,"APAR Industries Limited (APARINDS.NS) Stock Price, News, Quote & History - Yahoo! Finance Canada [Thu, 01 Oct 2026 10:00:01 GMT] | Analysts Are Upgrading APAR Industries Limited (NSE:APARINDS) After Its Latest Results - Simply Wall Street [Tue, 28 Jul 2026 07:00:00 GMT] | Apar Industries Ltd. (APARINDS) Share Price Falls 3.01% Today; Large Cap Top Decliner in Focus - Univest [Fri, 14 Aug 2026 07:00:00 GMT]",News evidence available; headline requires manual verification.,"APARINDS: HOLD / CONTINUES. Plan 2 evidence: momentum rank #17, ID rank #20, ID -0.1024. Momentum quality: Unknown. Price context: 1D +2.57%, 5D +1.83%, 20D +3.91%. Sector: Engineering & capital goods. News evidence available; headline requires manual verification."
SONACOMS,Auto ancillary,HOLD,,Unknown,15.0,-0.1024390243902439,21.0,797.0,-0.9937888198757738,-3.3353547604608846,1.0139416983523386,0.9017645245863308,-4.32172869147659,3.776041666666674,^CRSLDX,0.5208660972652712,-2.7955864827349797,,HOLD / CONTINUES,"Plan 2 Top 50: momentum rank 15.0, ID rank 21.0.",No major Plan 2 risk flag,High,"One Day Left To Buy Sona BLW Precision Forgings Limited (NSE:SONACOMS) Before The Ex-Dividend Date - Simply Wall Street [Tue, 23 Jun 2026 07:00:00 GMT] | Sona BLW share jumps 2.9% after robust Q1; brokerage flags EV transition, valuation concerns - Moneycontrol.com [Fri, 24 Jul 2026 07:00:00 GMT] | Sona BLW Precision Forgings Ltd. (SONACOMS) Share Price Rises 3.05% Today - Univest [Fri, 07 Aug 2026 07:00:00 GMT]",News evidence available; headline requires manual verification.,"SONACOMS: HOLD / CONTINUES. Plan 2 evidence: momentum rank #15, ID rank #21, ID -0.1024. Momentum quality: Unknown. Price context: 1D -0.99%, 5D -3.34%, 20D +1.01%. Sector: Auto ancillary. News evidence available; headline requires manual verification."
INDUSINDBK,Financial services,HOLD,,Unknown,81.0,-0.0980392156862745,22.0,886.5999755859375,-0.028189660808730643,-2.806406081836754,-12.0872607252417,1.1296793419970037,-11.693229523312997,0.9794960804029085,^CRSLDX,0.5208660972652712,-2.7955864827349797,,HOLD / CONTINUES,"Plan 2 Top 50: momentum rank 81.0, ID rank 22.0.",No major Plan 2 risk flag,High,"IndusInd Bank (NSEI:INDUSINDBK) Stock Forecast & Analyst Predictions - Simply Wall Street [Wed, 30 Sep 2026 07:00:00 GMT] | IndusInd Bank Ltd. Actuals & Estimates (NSE:INDUSINDBK) - TradingView [Fri, 26 Jun 2026 06:06:29 GMT] | IndusInd Bank Ltd Share Price Today NSE/BSE Charts - Alice Blue [Tue, 25 Aug 2026 20:54:54 GMT]",News evidence available; headline requires manual verification.,"INDUSINDBK: HOLD / CONTINUES. Plan 2 evidence: momentum rank #81, ID rank #22, ID -0.0980. Momentum quality: Unknown. Price context: 1D -0.03%, 5D -2.81%, 20D -12.09%. Sector: Financial services. News evidence available; headline requires manual verification."
UNIONBANK,Miscellaneous,HOLD,,Unknown,93.0,-0.0935960591133004,23.0,167.97000122070312,0.22674675763243446,-6.7869011846053535,-10.282021084546011,1.0395602740796774,-9.712961039316815,1.1867477233151291,^CRSLDX,0.5208660972652712,-2.7955864827349797,,HOLD / CONTINUES,"Plan 2 Top 50: momentum rank 93.0, ID rank 23.0.",No major Plan 2 risk flag,High,"Should You Be Adding Union Bank of India (NSE:UNIONBANK) To Your Watchlist Today? - Simply Wall Street [Sat, 03 Oct 2026 03:27:17 GMT] | UNIONBANK Forecast — Price Target — Prediction for 2027 - TradingView [Thu, 25 Jun 2026 12:18:15 GMT] | Union Bank of India Shares Fall 2.04% in Afternoon Trade - Moneycontrol.com [Thu, 16 Jul 2026 07:00:00 GMT]",News evidence available; headline requires manual verification.,"UNIONBANK: HOLD / CONTINUES. Plan 2 evidence: momentum rank #93, ID rank #23, ID -0.0936. Momentum quality: Unknown. Price context: 1D +0.23%, 5D -6.79%, 20D -10.28%. Sector: Miscellaneous. News evidence available; headline requires manual verification."
ADANIENSOL,Energy,HOLD,,Unknown,20.0,-0.0926829268292683,24.0,1353.4000244140625,2.0355850047520274,1.1131882266763204,-3.9869432566153384,1.2104529768122383,-5.758648602311478,5.085798490437909,^CRSLDX,0.5208660972652712,-2.7955864827349797,,HOLD / CONTINUES,"Plan 2 Top 50: momentum rank 20.0, ID rank 24.0.",No major Plan 2 risk flag,High,"Adani Energy Solutions Limited (ADANIENSOL.NS) Stock Price, News, Quote & History - Yahoo! Finance Canada [Thu, 01 Oct 2026 09:45:00 GMT] | Adani Energy Solutions (NSEI:ADANIENSOL) Stock Forecast & Analyst Predictions - Simply Wall Street [Wed, 30 Sep 2026 07:00:00 GMT] | ADANIENSOL Forecast — Price Target — Prediction for 2027 - TradingView [Thu, 25 Jun 2026 13:01:07 GMT]",News evidence available; headline requires manual verification.,"ADANIENSOL: HOLD / CONTINUES. Plan 2 evidence: momentum rank #20, ID rank #24, ID -0.0927. Momentum quality: Unknown. Price context: 1D +2.04%, 5D +1.11%, 20D -3.99%. Sector: Energy. News evidence available; headline requires manual verification."
ANANDRATHI,Financial services,HOLD,,Unknown,62.0,-0.0926829268292683,25.0,2132.0,0.6847697756788618,0.24449647604345426,-3.7862677034738557,1.1079824830293565,-4.373177842565601,1.4948062879166946,^CRSLDX,0.5208660972652712,-2.7955864827349797,,HOLD / CONTINUES,"Plan 2 Top 50: momentum rank 62.0, ID rank 25.0.",No major Plan 2 risk flag,High,"ANAND RATHI SH N STK BR L Share Price - Upstox [Thu, 01 Oct 2026 07:00:00 GMT] | Anand Rathi Share & Stock Brokers Q1 FY27 Results Preview - Univest [Tue, 07 Jul 2026 07:00:00 GMT] | Stocks to Watch Today: TCS, IC Electricals, Anand Rathi Wealth, Dixon Tech, Vikram Solar, Havells, Pace... - Moneycontrol.com [Fri, 10 Jul 2026 07:00:00 GMT]",News evidence available; headline requires manual verification.,"ANANDRATHI: HOLD / CONTINUES. Plan 2 evidence: momentum rank #62, ID rank #25, ID -0.0927. Momentum quality: Unknown. Price context: 1D +0.68%, 5D +0.24%, 20D -3.79%. Sector: Financial services. News evidence available; headline requires manual verification."
NAVINFLUOR,Chemicals,HOLD,,Unknown,30.0,-0.0829268292682927,26.0,8272.0,1.6653352178455094,-3.6402819034305978,-3.3362547472976956,1.1425166450659818,-5.737564811121876,1.6653352178455094,^CRSLDX,0.5208660972652712,-2.7955864827349797,,HOLD / CONTINUES,"Plan 2 Top 50: momentum rank 30.0, ID rank 26.0.",No major Plan 2 risk flag,High,"Navin Fluorine International (NSEI:NAVINFLUOR) Stock Forecast & Analyst Predictions - Simply Wall Street [Fri, 18 Sep 2026 07:00:00 GMT] | Navin Fluorine International (NAVINFLUOR.NS) Slips 0.82% to ₹8160.5 as Stock Holds Mid-Range - MA Crossover - siam.in [Wed, 16 Sep 2026 07:00:00 GMT] | NAVINFLUOR Forecast — Price Target — Prediction for 2027 - TradingView [Thu, 25 Jun 2026 14:45:02 GMT]",News evidence available; headline requires manual verification.,"NAVINFLUOR: HOLD / CONTINUES. Plan 2 evidence: momentum rank #30, ID rank #26, ID -0.0829. Momentum quality: Unknown. Price context: 1D +1.67%, 5D -3.64%, 20D -3.34%. Sector: Chemicals. News evidence available; headline requires manual verification."
ASHOKLEY,Miscellaneous,HOLD,,Unknown,100.0,-0.0829268292682927,27.0,152.60000610351562,1.408832028288387,-4.073419444903525,-9.70413840028661,0.8641918981163368,-10.235290527343754,1.408832028288387,^CRSLDX,0.5208660972652712,-2.7955864827349797,,HOLD / CONTINUES,"Plan 2 Top 50: momentum rank 100.0, ID rank 27.0.",No major Plan 2 risk flag,High,"Ashok Leyland (NSEI:ASHOKLEY) Stock Forecast & Analyst Predictions - Simply Wall Street [Thu, 01 Oct 2026 07:00:00 GMT] | Ashok Leyland stock rises 2% on strong CV demand; brokerages cautious as commodity costs weigh on margins - Moneycontrol.com [Mon, 17 Aug 2026 07:00:00 GMT] | Ashok Leyland shares decline nearly 3% despite record quarterly profit of ₹1,405 crore - Upstox [Thu, 28 May 2026 07:00:00 GMT]",News evidence available; headline requires manual verification.,"ASHOKLEY: HOLD / CONTINUES. Plan 2 evidence: momentum rank #100, ID rank #27, ID -0.0829. Momentum quality: Unknown. Price context: 1D +1.41%, 5D -4.07%, 20D -9.70%. Sector: Miscellaneous. News evidence available; headline requires manual verification."
ASTERDM,Healthcare,HOLD,,Unknown,95.0,-0.0829268292682927,28.0,691.5,-2.4545103420534398,-8.941272350689323,-11.994909322303526,1.1870368991328364,-13.089929141994471,0.0,^CRSLDX,0.5208660972652712,-2.7955864827349797,,HOLD / CONTINUES,"Plan 2 Top 50: momentum rank 95.0, ID rank 28.0.",No major Plan 2 risk flag,High,"ASTER DM QUALITY CARE SHARE PRICE - ICICI Direct [Fri, 31 Jul 2026 18:36:15 GMT] | ASTERDM Stock Price and Chart — NSE:ASTERDM - TradingView [Mon, 24 Aug 2026 07:00:00 GMT] | Here's Why We Think Aster DM Healthcare (NSE:ASTERDM) Is Well Worth Watching - Simply Wall Street [Mon, 18 May 2026 07:00:00 GMT]",News evidence available; headline requires manual verification.,"ASTERDM: HOLD / CONTINUES. Plan 2 evidence: momentum rank #95, ID rank #28, ID -0.0829. Momentum quality: Unknown. Price context: 1D -2.45%, 5D -8.94%, 20D -11.99%. Sector: Healthcare. News evidence available; headline requires manual verification."
MAHABANK,Financial services,HOLD,,Unknown,57.0,-0.0784313725490196,29.0,80.9000015258789,0.49689630543963137,-4.68896778549176,-5.875503899557222,0.9785869899070495,-4.823527616613054,2.198077037990842,^CRSLDX,0.5208660972652712,-2.7955864827349797,,HOLD / CONTINUES,"Plan 2 Top 50: momentum rank 57.0, ID rank 29.0.",No major Plan 2 risk flag,High,"Bank of Maharashtra Actuals & Estimates (NSE:MAHABANK) - TradingView [Thu, 25 Jun 2026 19:02:20 GMT] | Bank of Maharashtra (NSE:MAHABANK) most popular amongst state or government who own 74% of the shares, institutions hold 16% - Simply Wall Street [Fri, 13 Feb 2026 08:00:00 GMT] | Bank of Maharashtra Stock Prediction 2026: Expert Analysis, Forecast Scenarios and Full Stock Review - Univest [Tue, 16 Jun 2026 07:00:00 GMT]",News evidence available; headline requires manual verification.,"MAHABANK: HOLD / CONTINUES. Plan 2 evidence: momentum rank #57, ID rank #29, ID -0.0784. Momentum quality: Unknown. Price context: 1D +0.50%, 5D -4.69%, 20D -5.88%. Sector: Financial services. News evidence available; headline requires manual verification."
DIVISLAB,Healthcare,HOLD,,Unknown,59.0,-0.0738916256157635,30.0,9196.0,-0.5730349226943487,-4.402515723270439,1.0549450549450556,0.973649643026551,-4.447215295095597,0.4149377593360981,^CRSLDX,0.5208660972652712,-2.7955864827349797,,HOLD / CONTINUES,"Plan 2 Top 50: momentum rank 59.0, ID rank 30.0.",No major Plan 2 risk flag,High,"Divi's Laboratories (DIVISLAB) Share Price, News, Stock Market Cap NSE/BSE - TechGraph [Fri, 02 Oct 2026 07:00:00 GMT] | Three Days Left Until Divi's Laboratories Limited (NSE:DIVISLAB) Trades Ex-Dividend - Simply Wall Street [Mon, 20 Jul 2026 07:00:00 GMT] | DIVISLAB Forecast — Price Target — Prediction for 2027 - TradingView [Thu, 25 Jun 2026 13:04:15 GMT]",News evidence available; headline requires manual verification.,"DIVISLAB: HOLD / CONTINUES. Plan 2 evidence: momentum rank #59, ID rank #30, ID -0.0739. Momentum quality: Unknown. Price context: 1D -0.57%, 5D -4.40%, 20D +1.05%. Sector: Healthcare. News evidence available; headline requires manual verification."
STLTECH,Engineering & capital goods,HOLD,,Unknown,2.0,-0.073170731707317,31.0,1001.25,4.804524581257352,19.595077090419434,33.69608323666107,1.8159846601580318,0.0,27.336896292007463,^CRSLDX,0.5208660972652712,-2.7955864827349797,,HOLD / CONTINUES,"Plan 2 Top 50: momentum rank 2.0, ID rank 31.0.",No major Plan 2 risk flag,High,"Sterlite Technologies Share Price - Live NSE: STLTECH Stock Price & Chart - Upstox [Thu, 01 Oct 2026 07:00:00 GMT] | Analyst Forecasts For Sterlite Technologies Limited (NSE:STLTECH) Are Surging Higher - Simply Wall Street [Thu, 30 Jul 2026 07:00:00 GMT] | STLTECH Forecast — Price Target — Prediction for 2027 - TradingView [Thu, 25 Jun 2026 13:19:53 GMT]",News evidence available; headline requires manual verification.,"STLTECH: HOLD / CONTINUES. Plan 2 evidence: momentum rank #2, ID rank #31, ID -0.0732. Momentum quality: Unknown. Price context: 1D +4.80%, 5D +19.60%, 20D +33.70%. Sector: Engineering & capital goods. News evidence available; headline requires manual verification."
SOLARINDS,Chemicals,HOLD,,Unknown,91.0,-0.073170731707317,32.0,19540.0,0.7216494845360799,-1.0382375284882284,-8.883189554674754,0.4442235544382131,-12.981518592741036,5.3085421719213155,^CRSLDX,0.5208660972652712,-2.7955864827349797,,HOLD / CONTINUES,"Plan 2 Top 50: momentum rank 91.0, ID rank 32.0.",No major Plan 2 risk flag,High,"Solar Industries India (NSEI:SOLARINDS) Stock Forecast & Analyst Predictions - Simply Wall Street [Wed, 23 Sep 2026 07:00:00 GMT] | SOLARINDS Forecast — Price Target — Prediction for 2027 - TradingView [Thu, 25 Jun 2026 18:30:12 GMT] | Solar Industries India Ltd Share Price Rise Over 4% On Strong Momentum In Defence - HDFC Sky [Fri, 06 Mar 2026 08:00:00 GMT]",News evidence available; headline requires manual verification.,"SOLARINDS: HOLD / CONTINUES. Plan 2 evidence: momentum rank #91, ID rank #32, ID -0.0732. Momentum quality: Unknown. Price context: 1D +0.72%, 5D -1.04%, 20D -8.88%. Sector: Chemicals. News evidence available; headline requires manual verification."
BAJAJ-AUTO,Automobile,HOLD,,Unknown,75.0,-0.073170731707317,33.0,10024.0,-0.2090592334494823,-11.142629199539044,-15.898984814162265,1.3398602864300326,-15.622895622895626,0.0,^CRSLDX,0.5208660972652712,-2.7955864827349797,,HOLD / CONTINUES,"Plan 2 Top 50: momentum rank 75.0, ID rank 33.0.",No major Plan 2 risk flag,High,"Bajaj Auto, M&M, Hero Moto skid up to 6%; here's why auto stocks are down - Business Standard [Thu, 01 Oct 2026 05:13:00 GMT] | Bajaj Auto Sept Sales up 5% YoY to 5.38 lakh units, miss estimates - scanx.trade [Thu, 01 Oct 2026 03:30:28 GMT] | Bajaj Auto's (NSE:BAJAJ-AUTO) Earnings Are Of Questionable Quality - Simply Wall Street [Thu, 14 May 2026 07:00:00 GMT]",News evidence available; headline requires manual verification.,"BAJAJ-AUTO: HOLD / CONTINUES. Plan 2 evidence: momentum rank #75, ID rank #33, ID -0.0732. Momentum quality: Unknown. Price context: 1D -0.21%, 5D -11.14%, 20D -15.90%. Sector: Automobile. News evidence available; headline requires manual verification."
GESHIP,Logistics,HOLD,,Unknown,82.0,-0.073170731707317,34.0,1559.300048828125,1.8750864824233826,4.1477491104406905,13.842454874444133,0.8660591090493052,-0.04486866486378416,13.26360892951417,^CRSLDX,0.5208660972652712,-2.7955864827349797,,HOLD / CONTINUES,"Plan 2 Top 50: momentum rank 82.0, ID rank 34.0.",No major Plan 2 risk flag,High,"Great Eastern Shipping (NSEI:GESHIP) Stock Forecast & Analyst Predictions - Simply Wall Street [Fri, 25 Sep 2026 07:00:00 GMT] | GE Shipping Share Price Today: Great Eastern Shipping (NSE:GESHIP) Gains 2.39% - Kalkine India [Tue, 19 May 2026 07:00:00 GMT] | Great Eastern Shipping's (NSE:GESHIP) Solid Profits Have Weak Fundamentals - Simply Wall Street [Fri, 22 May 2026 07:00:00 GMT]",News evidence available; headline requires manual verification.,"GESHIP: HOLD / CONTINUES. Plan 2 evidence: momentum rank #82, ID rank #34, ID -0.0732. Momentum quality: Unknown. Price context: 1D +1.88%, 5D +4.15%, 20D +13.84%. Sector: Logistics. News evidence available; headline requires manual verification."
INOXINDIA,Engineering & capital goods,HOLD,,Unknown,33.0,-0.0686274509803921,35.0,2089.10009765625,-3.6526287593213524,-3.138907160571469,-7.060234350231109,0.9562994684909232,-9.00339519015968,5.568753948285843,^CRSLDX,0.5208660972652712,-2.7955864827349797,,HOLD / CONTINUES,"Plan 2 Top 50: momentum rank 33.0, ID rank 35.0.",No major Plan 2 risk flag,High,"INOX INDIA LIMITED Share Price - Live NSE: INOXINDIA Stock Price & Chart - Upstox [Thu, 01 Oct 2026 07:00:00 GMT] | INOXINDIA Forecast — Price Target — Prediction for 2027 - TradingView [Fri, 26 Jun 2026 10:44:08 GMT] | INOX India Ltd (NSE:INOXINDIA) (Q1 FY2027) Earnings Call Highlights: Record Order Book and ... - Yahoo Finance [Wed, 05 Aug 2026 07:00:00 GMT]",News evidence available; headline requires manual verification.,"INOXINDIA: HOLD / CONTINUES. Plan 2 evidence: momentum rank #33, ID rank #35, ID -0.0686. Momentum quality: Unknown. Price context: 1D -3.65%, 5D -3.14%, 20D -7.06%. Sector: Engineering & capital goods. News evidence available; headline requires manual verification."
MCX,Financial services,HOLD,,Unknown,34.0,-0.0634146341463414,36.0,3181.699951171875,-0.6960065177317398,-4.306895105952879,-2.860717895998799,0.7767512682389915,-7.176824211696142,0.2583882518315761,^CRSLDX,0.5208660972652712,-2.7955864827349797,,HOLD / CONTINUES,"Plan 2 Top 50: momentum rank 34.0, ID rank 36.0.",No major Plan 2 risk flag,High,"MCX Share Price - Upstox [Thu, 01 Oct 2026 07:00:00 GMT] | SEBI’s investor awareness campaign grabs investors’ attention | Here's social media post by BSE, NSE, MCX, CDSL & NSDL - Livemint [Mon, 05 Oct 2026 02:38:00 GMT] | Multi Commodity Exchange of India Ltd (MCX) Share Price - Business Today [Thu, 01 Oct 2026 07:00:00 GMT]",News evidence available; headline requires manual verification.,"MCX: HOLD / CONTINUES. Plan 2 evidence: momentum rank #34, ID rank #36, ID -0.0634. Momentum quality: Unknown. Price context: 1D -0.70%, 5D -4.31%, 20D -2.86%. Sector: Financial services. News evidence available; headline requires manual verification."
KARURVYSYA,Financial services,HOLD,,Unknown,32.0,-0.0634146341463414,37.0,324.70001220703125,-0.1844376294041994,-0.9910046894428315,-6.922744295242533,1.1545105940905913,-4.975124200376069,2.0587831011174007,^CRSLDX,0.5208660972652712,-2.7955864827349797,,HOLD / CONTINUES,"Plan 2 Top 50: momentum rank 32.0, ID rank 37.0.",No major Plan 2 risk flag,High,"Karur Vysya Bank Share Price - Live NSE: KARURVYSYA Stock Price & Chart - Upstox [Thu, 01 Oct 2026 07:00:00 GMT] | Is Now The Time To Put Karur Vysya Bank (NSE:KARURVYSYA) On Your Watchlist? - Simply Wall Street [Tue, 11 Aug 2026 07:00:00 GMT] | KARURVYSYA Forecast — Price Target — Prediction for 2027 - TradingView [Thu, 25 Jun 2026 13:07:09 GMT]",News evidence available; headline requires manual verification.,"KARURVYSYA: HOLD / CONTINUES. Plan 2 evidence: momentum rank #32, ID rank #37, ID -0.0634. Momentum quality: Unknown. Price context: 1D -0.18%, 5D -0.99%, 20D -6.92%. Sector: Financial services. News evidence available; headline requires manual verification."
SHRIPISTON,Engineering & capital goods,HOLD,,Unknown,31.0,-0.0634146341463414,38.0,4398.7998046875,-2.0420932037078288,-7.3312550416882445,-3.0439308917727725,0.898415816725696,-7.378092651702661,2.8862774281325887,^CRSLDX,0.5208660972652712,-2.7955864827349797,,HOLD / CONTINUES,"Plan 2 Top 50: momentum rank 31.0, ID rank 38.0.",No major Plan 2 risk flag,High,"SPR Auto Technologies (NSEI:SHRIPISTON) Stock Price - Simply Wall Street [Thu, 24 Sep 2026 07:00:00 GMT] | SPR Auto Technologies (NSEI:SHRIPISTON) - Stock Analysis - Simply Wall Street [Tue, 07 Apr 2026 15:39:45 GMT] | Is Shriram Pistons & Rings Limited's (NSE:SHRIPISTON) Stock's Recent Performance Being Led By Its Attractive Financial Prospects? - Simply Wall Street [Fri, 09 Jan 2026 08:00:00 GMT]",News evidence available; headline requires manual verification.,"SHRIPISTON: HOLD / CONTINUES. Plan 2 evidence: momentum rank #31, ID rank #38, ID -0.0634. Momentum quality: Unknown. Price context: 1D -2.04%, 5D -7.33%, 20D -3.04%. Sector: Engineering & capital goods. News evidence available; headline requires manual verification."
SYRMA,Engineering & capital goods,HOLD,,Unknown,24.0,-0.0634146341463414,39.0,1700.4000244140625,-1.0186855900400138,-1.8584757950827924,16.681532110111718,0.28439556540137617,-4.627292549794715,12.781062511304686,^CRSLDX,0.5208660972652712,-2.7955864827349797,,HOLD / CONTINUES,"Plan 2 Top 50: momentum rank 24.0, ID rank 39.0.",No major Plan 2 risk flag,High,"Syrma SGS Technology Share Price - Upstox [Thu, 01 Oct 2026 07:00:00 GMT] | Syrma SGS Technology (NSEI:SYRMA) Stock Forecast & Analyst Predictions - Simply Wall Street [Wed, 30 Sep 2026 07:00:00 GMT] | Syrma SGS Technology soars 9%, up 125% in 2026; what's driving EMS stock? - Business Standard [Thu, 17 Sep 2026 07:00:00 GMT]",News evidence available; headline requires manual verification.,"SYRMA: HOLD / CONTINUES. Plan 2 evidence: momentum rank #24, ID rank #39, ID -0.0634. Momentum quality: Unknown. Price context: 1D -1.02%, 5D -1.86%, 20D +16.68%. Sector: Engineering & capital goods. News evidence available; headline requires manual verification."
WELCORP,Building materials,HOLD,,Unknown,14.0,-0.0536585365853659,40.0,2497.5,-4.156115081693601,-11.823891889935013,-3.5937656970089216,1.1279113937782463,-12.121745249824068,3.488996372944242,^CRSLDX,0.5208660972652712,-2.7955864827349797,,HOLD / CONTINUES,"Plan 2 Top 50: momentum rank 14.0, ID rank 40.0.",No major Plan 2 risk flag,High,"WELCORP Forecast — Price Target — Prediction for 2027 - TradingView [Thu, 25 Jun 2026 11:48:08 GMT] | Welspun Corp (NSE: WELCORP) Secures $412.5 Million US Pipe Order; Order Book Hits Record $4.7 Billion - Kalkine India [Fri, 25 Sep 2026 15:00:00 GMT] | Welspun Corp Ltd. Share Price Today - Welspun Corp Ltd. Stock Price Live NSE/BSE - CNBC TV18 [Tue, 25 Aug 2026 13:56:12 GMT]",News evidence available; headline requires manual verification.,"WELCORP: HOLD / CONTINUES. Plan 2 evidence: momentum rank #14, ID rank #40, ID -0.0537. Momentum quality: Unknown. Price context: 1D -4.16%, 5D -11.82%, 20D -3.59%. Sector: Building materials. News evidence available; headline requires manual verification."
TITAN,Retail,HOLD,,Unknown,61.0,-0.0536585365853659,41.0,4580.0,1.4239166000047154,-6.22440622440622,-8.764940239043828,1.1891018317486695,-8.783110934076877,1.4239166000047154,^CRSLDX,0.5208660972652712,-2.7955864827349797,,HOLD / CONTINUES,"Plan 2 Top 50: momentum rank 61.0, ID rank 41.0.",lower final rank,High,"Titan Company (TITAN) Share Price, News, Stock Market Cap NSE/BSE - TechGraph [Thu, 01 Oct 2026 07:00:00 GMT] | Tata stocks drop amid concerns over listing; Titan and TCS lead decline - Business Standard [Tue, 29 Sep 2026 15:38:11 GMT] | NSE pips Sun Pharma, Titan Company, Adani Enterprises, Infosys in terms of market cap - Business Today [Thu, 24 Sep 2026 07:00:00 GMT]",News evidence available; headline requires manual verification.,"TITAN: HOLD / CONTINUES. Plan 2 evidence: momentum rank #61, ID rank #41, ID -0.0537. Momentum quality: Unknown. Price context: 1D +1.42%, 5D -6.22%, 20D -8.76%. Sector: Retail. News evidence available; headline requires manual verification."
PRIVISCL,Miscellaneous,HOLD,,Unknown,46.0,-0.0536585365853659,42.0,3442.199951171875,-3.660790619315002,-4.226374957765666,2.036459201774865,1.6238092960771442,-4.529192867234089,2.2243311037819957,^CRSLDX,0.5208660972652712,-2.7955864827349797,,HOLD / CONTINUES,"Plan 2 Top 50: momentum rank 46.0, ID rank 42.0.",lower final rank,High,"Here's Why We Think Privi Speciality Chemicals (NSE:PRIVISCL) Is Well Worth Watching - Simply Wall Street [Wed, 13 May 2026 07:00:00 GMT] | PRIVISCL Forecast — Price Target — Prediction for 2027 - TradingView [Fri, 26 Jun 2026 05:04:53 GMT] | Privi Speciality Chemicals Limited (NSE:PRIVISCL) Passed Our Checks, And It's About To Pay A ₹10.00 Dividend - Simply Wall Street [Mon, 27 Jul 2026 07:00:00 GMT]",News evidence available; headline requires manual verification.,"PRIVISCL: HOLD / CONTINUES. Plan 2 evidence: momentum rank #46, ID rank #42, ID -0.0537. Momentum quality: Unknown. Price context: 1D -3.66%, 5D -4.23%, 20D +2.04%. Sector: Miscellaneous. News evidence available; headline requires manual verification."
BSE,Financial services,HOLD,,Unknown,26.0,-0.0536585365853659,43.0,3179.60009765625,4.386083311104727,-0.3728623638962869,-6.7511275698113105,1.2745907731012456,-7.736052965382001,4.386083311104727,^CRSLDX,0.5208660972652712,-2.7955864827349797,,HOLD / CONTINUES,"Plan 2 Top 50: momentum rank 26.0, ID rank 43.0.",lower final rank,High,"Stock market holiday October 2: BSE, NSE closed for Gandhi Jayanti - Telangana Today [Fri, 02 Oct 2026 04:41:44 GMT] | NSE vs BSE: Which is a better exchange stock to buy ahead of Q2 results - What experts suggest | Target price, stop-loss - Livemint [Mon, 05 Oct 2026 04:49:34 GMT] | Stock market holiday today on October 2: BSE, NSE to remain closed for Gandhi Jayanti - Moneycontrol.com [Fri, 02 Oct 2026 00:47:28 GMT]",News evidence available; headline requires manual verification.,"BSE: HOLD / CONTINUES. Plan 2 evidence: momentum rank #26, ID rank #43, ID -0.0537. Momentum quality: Unknown. Price context: 1D +4.39%, 5D -0.37%, 20D -6.75%. Sector: Financial services. News evidence available; headline requires manual verification."
PFOCUS,Media & entertainment,HOLD,,Unknown,25.0,-0.0536585365853659,44.0,285.6499938964844,-5.2727556093952295,-9.446827439331019,-6.954399382252651,1.2828414480509713,-20.08672985272163,0.0,^CRSLDX,0.5208660972652712,-2.7955864827349797,,HOLD / CONTINUES,"Plan 2 Top 50: momentum rank 25.0, ID rank 44.0.",lower final rank,High,"Prime Focus Ltd (NSE: PFOCUS) Falls 5.78% as Stock Draws Market Attention - Kalkine India [Wed, 23 Sep 2026 05:47:00 GMT] | Prime Focus (NSE:PFOCUS) Posted Healthy Earnings But There Are Some Other Factors To Be Aware Of - Simply Wall Street [Fri, 05 Jun 2026 07:00:00 GMT] | PRIME FOCUS Stock/Share price , NSE/BSE Forecast News and Live Quotes - Equitymaster [Mon, 28 Sep 2026 03:39:25 GMT]",News evidence available; headline requires manual verification.,"PFOCUS: HOLD / CONTINUES. Plan 2 evidence: momentum rank #25, ID rank #44, ID -0.0537. Momentum quality: Unknown. Price context: 1D -5.27%, 5D -9.45%, 20D -6.95%. Sector: Media & entertainment. News evidence available; headline requires manual verification."
GRANULES,Healthcare,HOLD,,Unknown,45.0,-0.0490196078431373,45.0,817.25,-0.5476118040766642,-5.91723052661327,-3.6602603135421297,0.4228594575423463,-10.123170463951103,0.0,^CRSLDX,0.5208660972652712,-2.7955864827349797,,HOLD / CONTINUES,"Plan 2 Top 50: momentum rank 45.0, ID rank 45.0.",lower final rank,High,"Granules India Limited (NSE:GRANULES) Analysts Are Pretty Bullish On The Stock After Recent Results - Simply Wall Street [Fri, 24 Jul 2026 07:00:00 GMT] | Granules India shares surge over 3% after net profit surges 59% in June quarter - Upstox [Tue, 21 Jul 2026 07:00:00 GMT] | GRANULES Forecast — Price Target — Prediction for 2027 - TradingView [Fri, 26 Jun 2026 11:04:35 GMT]",News evidence available; headline requires manual verification.,"GRANULES: HOLD / CONTINUES. Plan 2 evidence: momentum rank #45, ID rank #45, ID -0.0490. Momentum quality: Unknown. Price context: 1D -0.55%, 5D -5.92%, 20D -3.66%. Sector: Healthcare. News evidence available; headline requires manual verification."
J&KBANK,Financial services,HOLD,,Unknown,48.0,-0.0439024390243902,46.0,141.52999877929688,1.1073032569416386,-3.127999406776738,-5.659248934391991,1.8638466989804499,-5.172530131124375,2.1729673794374404,^CRSLDX,0.5208660972652712,-2.7955864827349797,,HOLD / CONTINUES,"Plan 2 Top 50: momentum rank 48.0, ID rank 46.0.",lower final rank,High,"Jammu and Kashmir Bank (NSEI:J&KBANK) Stock Forecast & Analyst Predictions - Simply Wall Street [Thu, 30 Jul 2026 07:00:00 GMT] | J&KBANK Forecast — Price Target — Prediction for 2027 - TradingView [Thu, 25 Jun 2026 15:56:07 GMT] | J&K Bank Share Price: Buy or Sell - Univest [Fri, 04 Sep 2026 07:00:00 GMT]",News evidence available; headline requires manual verification.,"J&KBANK: HOLD / CONTINUES. Plan 2 evidence: momentum rank #48, ID rank #46, ID -0.0439. Momentum quality: Unknown. Price context: 1D +1.11%, 5D -3.13%, 20D -5.66%. Sector: Financial services. News evidence available; headline requires manual verification."
THANGAMAYL,Retail,HOLD,,Unknown,9.0,-0.0439024390243902,47.0,4747.0,-2.345196461633414,-7.546986074593431,-10.971492873218303,0.8866563872927614,-13.28096455973694,0.0,^CRSLDX,0.5208660972652712,-2.7955864827349797,,HOLD / CONTINUES,"Plan 2 Top 50: momentum rank 9.0, ID rank 47.0.",lower final rank,High,"Is It Smart To Buy Thangamayil Jewellery Limited (NSE:THANGAMAYL) Before It Goes Ex-Dividend? - Simply Wall Street [Sat, 18 Jul 2026 07:00:00 GMT] | THANGAMAYL Forecast — Price Target — Prediction for 2027 - TradingView [Thu, 25 Jun 2026 14:03:25 GMT] | Balusamy Silvears raises Thangamayil stake to 1.76% with new buy - scanx.trade [Mon, 10 Aug 2026 07:12:16 GMT]",News evidence available; headline requires manual verification.,"THANGAMAYL: HOLD / CONTINUES. Plan 2 evidence: momentum rank #9, ID rank #47, ID -0.0439. Momentum quality: Unknown. Price context: 1D -2.35%, 5D -7.55%, 20D -10.97%. Sector: Retail. News evidence available; headline requires manual verification."
VTL,Miscellaneous,HOLD,,Unknown,52.0,-0.0439024390243902,48.0,529.9000244140625,0.12281991763107847,-4.350176098544678,-11.417583817990762,0.2917319738574946,-10.216873355776313,0.12281991763107847,^CRSLDX,0.5208660972652712,-2.7955864827349797,,HOLD / CONTINUES,"Plan 2 Top 50: momentum rank 52.0, ID rank 48.0.",lower final rank,High,"Vardhman Textiles Limited (VTL.NS) stock price, news, quote and history - Yahoo Finance Singapore [Fri, 25 Sep 2026 09:59:58 GMT] | VTL Forecast — Price Target — Prediction for 2027 - TradingView [Thu, 25 Jun 2026 13:30:38 GMT] | Vardhman Textiles Limited Just Missed Earnings - But Analysts Have Updated Their Models - Simply Wall Street [Sun, 02 Aug 2026 07:00:00 GMT]",News evidence available; headline requires manual verification.,"VTL: HOLD / CONTINUES. Plan 2 evidence: momentum rank #52, ID rank #48, ID -0.0439. Momentum quality: Unknown. Price context: 1D +0.12%, 5D -4.35%, 20D -11.42%. Sector: Miscellaneous. News evidence available; headline requires manual verification."
KEI,Miscellaneous,HOLD,,Unknown,74.0,-0.0439024390243902,49.0,4638.2001953125,3.025326417425589,-0.7553183842409328,-4.36700628221649,0.5582242847578074,-1.7850673305982,4.11223782968575,^CRSLDX,0.5208660972652712,-2.7955864827349797,,HOLD / CONTINUES,"Plan 2 Top 50: momentum rank 74.0, ID rank 49.0.",lower final rank,High,"KEI Industries Limited (KEI.NS) Stock Price, News, Quote & History - Yahoo! Finance Canada [Thu, 01 Oct 2026 09:45:01 GMT] | KEI Industries shares up 5% as Q1 profit jumps 40%; board approves ₹700cr capacity expansion - Moneycontrol.com [Tue, 04 Aug 2026 07:00:00 GMT] | Havells, KEI: W&C stocks fall up to 16% in one week post UltraTech's entry - Business Standard [Fri, 11 Sep 2026 07:00:00 GMT]",News evidence available; headline requires manual verification.,"KEI: HOLD / CONTINUES. Plan 2 evidence: momentum rank #74, ID rank #49, ID -0.0439. Momentum quality: Unknown. Price context: 1D +3.03%, 5D -0.76%, 20D -4.37%. Sector: Miscellaneous. News evidence available; headline requires manual verification."
NYKAA,Retail,HOLD,,Unknown,69.0,-0.0439024390243902,50.0,339.54998779296875,4.49299124095297,1.7530642409171016,2.120297080592115,4.170255436247448,-1.436868565175975,6.1093711853027255,^CRSLDX,0.5208660972652712,-2.7955864827349797,,HOLD / CONTINUES,"Plan 2 Top 50: momentum rank 69.0, ID rank 50.0.",lower final rank,High,"FSN E-Commerce Ventures Nykaa Shares Decline 2% Amidst Strong Financial Performance - Moneycontrol.com [Mon, 10 Aug 2026 07:00:00 GMT] | FSN E-Commerce Ventures' (NSE:NYKAA) Performance Is Even Better Than Its Earnings Suggest - Simply Wall Street [Fri, 29 May 2026 07:00:00 GMT] | Nykaa hits 52-week high on strong Q4, pares gains later; brokerages hike TP - Business Standard [Fri, 22 May 2026 07:00:00 GMT]",News evidence available; headline requires manual verification.,"NYKAA: HOLD / CONTINUES. Plan 2 evidence: momentum rank #69, ID rank #50, ID -0.0439, unusual volume. Momentum quality: Unknown. Price context: 1D +4.49%, 5D +1.75%, 20D +2.12%; unusual volume (4.2x 20D average). Sector: Retail. News evidence available; headline requires manual verification."
