Rank,Stock,Live Price,Momentum %,ID,Signal,Target Amount,Shares,Invested Amount,Weight %,Cash After Allocation
1,CUPID,366.1,0.0,-0.3497536945812807,HOLD,2196.6,6,2196.6,10.98,17.68
2,NATIONALUM,315.9,0.0,-0.1999999999999999,HOLD,2211.3,7,2211.3,11.06,17.68
3,FEDERALBNK,330.0,0.0,-0.188118811881188,HOLD,2310.0,7,2310.0,11.55,17.68
6,HINDALCO,900.35,0.0,-0.1724137931034482,HOLD,1800.7,2,1800.7,9.0,17.68
9,LAURUSLABS,2036.6,0.0,-0.1485148514851484,HOLD,2036.6,1,2036.6,10.18,17.68
10,BHEL,433.6,0.0,-0.1386138613861385,HOLD,2168.0,5,2168.0,10.84,17.68
11,SHRIRAMFIN,940.45,0.0,-0.1386138613861385,HOLD,1880.9,2,1880.9,9.4,17.68
12,BHARATFORG,1816.9,0.0,-0.1231527093596058,HOLD,1816.9,1,1816.9,9.08,17.68
14,SONACOMS,783.3,0.0,-0.1133004926108374,HOLD,2349.9,3,2349.9,11.75,17.68
17,UNIONBANK,173.06,0.0,-0.1044776119402985,HOLD,1211.42,7,1211.42,6.06,17.68
