Momentum Rank,ID Rank,Stock,Live Price,Momentum 12-2,Positive Days %,Negative Days %,ID,Portfolio Signal,Sell Reason,Exit Safety,Data Safety,Weight %
1,,CPPLUS,3817.60009765625,1.6851775378605574,0.5024630541871922,0.4975369458128079,-0.004926108374384286,ID FILTER,,,,0.0
2,,HFCL,216.2100067138672,1.613203665406354,0.49261083743842365,0.5073891625615764,0.014778325123152747,ID FILTER,,,,0.0
3,,ACUTAAS,3304.10009765625,1.452124840242174,0.5891089108910891,0.41089108910891087,-0.1782178217821782,HOLD,,,,2.0
4,,KIRLOSENG,2402.0,1.3739434291826162,0.5148514851485149,0.48514851485148514,-0.02970297029702973,ID FILTER,,,,0.0
5,,ATHERENERG,1407.0,1.1465977184942937,0.5517241379310345,0.4482758620689655,-0.10344827586206895,HOLD,,,,2.0
6,,LAURUSLABS,1979.0,1.1220581029417933,0.5763546798029556,0.4236453201970443,-0.1527093596059113,HOLD,,,,2.0
7,,RRKABEL,2523.199951171875,1.0873910773114592,0.5517241379310345,0.4482758620689655,-0.10344827586206895,HOLD,,,,2.0
8,,WELCORP,2842.0,1.0123329693273844,0.5270935960591133,0.4729064039408867,-0.054187192118226646,HOLD,,,,2.0
9,,ADANIENSOL,1305.800048828125,0.9131632335281044,0.5615763546798029,0.43842364532019706,-0.12315270935960587,HOLD,,,,2.0
10,,FEDERALBNK,320.20001220703125,0.8894675412234074,0.6089108910891089,0.3910891089108911,-0.2178217821782178,HOLD,,,,2.0
11,,BHARATFORG,1942.0,0.7961933753527224,0.5566502463054187,0.4433497536945813,-0.11330049261083741,HOLD,,,,2.0
12,,SONACOMS,815.6500244140625,0.7884345142454925,0.5467980295566502,0.45320197044334976,-0.09359605911330049,HOLD,,,,2.0
13,,DATAPATTNS,4221.60009765625,0.7495362441960725,0.5024630541871922,0.4975369458128079,-0.004926108374384286,ID FILTER,,,,0.0
14,,NATIONALUM,346.6499938964844,0.7461434955060402,0.594059405940594,0.40594059405940597,-0.18811881188118806,HOLD,,,,2.0
15,,AEGISLOG,1299.800048828125,0.7453090618190081,0.4630541871921182,0.5369458128078818,0.07389162561576357,ID FILTER,,,,0.0
16,,BHEL,413.3500061035156,0.7372181672600262,0.572139303482587,0.42786069651741293,-0.14427860696517408,HOLD,,,,2.0
17,,SHRIRAMFIN,971.5,0.7277077098881506,0.5742574257425742,0.42574257425742573,-0.14851485148514848,HOLD,,,,2.0
18,,CEMPRO,1223.300048828125,0.7231866353159133,0.5024630541871922,0.4975369458128079,-0.004926108374384286,ID FILTER,,,,0.0
19,,HSCL,667.5999755859375,0.7223958782796962,0.5615763546798029,0.43842364532019706,-0.12315270935960587,HOLD,,,,2.0
20,,MCX,3232.0,0.7112719876761362,0.5369458128078818,0.4630541871921182,-0.07389162561576357,HOLD,,,,2.0
21,,BSE,3200.0,0.6929198718636997,0.5320197044334976,0.46798029556650245,-0.0640394088669951,HOLD,,,,2.0
22,,SYRMA,1692.5999755859375,0.6899175415059327,0.5320197044334976,0.46798029556650245,-0.0640394088669951,HOLD,,,,2.0
23,,NAVINFLUOR,8234.5,0.6721085817184937,0.5467980295566502,0.45320197044334976,-0.09359605911330049,HOLD,,,,2.0
24,,PFOCUS,317.5,0.6669546776881483,0.5270935960591133,0.4729064039408867,-0.054187192118226646,HOLD,,,,2.0
25,,APARINDS,17803.0,0.6554985014001005,0.5467980295566502,0.45320197044334976,-0.09359605911330049,HOLD,,,,2.0
26,,POWERINDIA,30735.0,0.6457109906992531,0.5742574257425742,0.42574257425742573,-0.14851485148514848,HOLD,,,,2.0
27,,GRANULES,866.75,0.6359309643260695,0.5346534653465347,0.46534653465346537,-0.06930693069306931,HOLD,,,,2.0
28,,LLOYDSME,1902.199951171875,0.6341768156120886,0.49261083743842365,0.5073891625615764,0.014778325123152747,ID FILTER,,,,0.0
29,,HONASA,441.6499938964844,0.6219093742303707,0.5074626865671642,0.4925373134328358,-0.014925373134328401,ID FILTER,,,,0.0
30,,KARURVYSYA,318.1499938964844,0.6025112688736649,0.5221674876847291,0.47783251231527096,-0.04433497536945813,HOLD,,,,2.0
31,,CHENNPETRO,1436.9000244140625,0.6007125021520314,0.4729064039408867,0.5270935960591133,0.054187192118226646,ID FILTER,,,,0.0
32,,IDEA,13.5600004196167,0.5837379312164694,0.4975124378109453,0.5024875621890548,0.004975124378109486,ID FILTER,,,,0.0
33,,J&KBANK,138.52000427246094,0.5392196525185167,0.5221674876847291,0.47783251231527096,-0.04433497536945813,HOLD,,,,2.0
34,,VTL,529.5499877929688,0.5366121706187681,0.5221674876847291,0.47783251231527096,-0.04433497536945813,HOLD,,,,2.0
35,,RADICO,4364.0,0.5185699080106116,0.5270935960591133,0.4729064039408867,-0.054187192118226646,HOLD,,,,2.0
36,,AIAENG,3835.699951171875,0.5160963360624624,0.5495049504950495,0.4504950495049505,-0.09900990099009904,HOLD,,,,2.0
37,,MAHABANK,79.16000366210938,0.5158887311764615,0.5396039603960396,0.4603960396039604,-0.07920792079207922,HOLD,,,,2.0
38,,HINDCOPPER,474.3500061035156,0.5157614841999059,0.4876847290640394,0.5123152709359606,0.024630541871921208,ID FILTER,,,,0.0
39,,SCHNEIDER,1192.699951171875,0.5154096710015528,0.4876847290640394,0.5123152709359606,0.024630541871921208,ID FILTER,,,,0.0
40,,EMCURE,1959.0999755859375,0.49685474530942986,0.5172413793103449,0.4827586206896552,-0.03448275862068967,BUY,,,,2.0
41,,SAILIFE,1559.9000244140625,0.48655671742839823,0.5073891625615764,0.49261083743842365,-0.014778325123152747,ID FILTER,,,,0.0
42,,NUVAMA,1652.0999755859375,0.4809348860153546,0.5221674876847291,0.47783251231527096,-0.04433497536945813,HOLD,,,,2.0
43,,CRAFTSMAN,10505.0,0.47716869810046614,0.4801980198019802,0.5198019801980198,0.03960396039603964,ID FILTER,,,,0.0
44,,M&MFIN,328.04998779296875,0.47502813178536774,0.5024875621890548,0.4975124378109453,-0.004975124378109486,ID FILTER,,,,0.0
45,,AUROPHARMA,1697.699951171875,0.46002749074977056,0.5073891625615764,0.49261083743842365,-0.014778325123152747,ID FILTER,,,,0.0
46,,ANANDRATHI,2100.60009765625,0.45312062263050024,0.5467980295566502,0.45320197044334976,-0.09359605911330049,HOLD,,,,2.0
47,,CUB,214.91000366210938,0.45204218608811275,0.5073891625615764,0.49261083743842365,-0.014778325123152747,ID FILTER,,,,0.0
48,,ANGELONE,273.5,0.45107720558957043,0.49261083743842365,0.5073891625615764,0.014778325123152747,ID FILTER,,,,0.0
49,,BELRISE,240.52000427246094,0.4478578782927214,0.47783251231527096,0.5221674876847291,0.04433497536945813,ID FILTER,,,,0.0
50,,GESHIP,1537.800048828125,0.43339804700324613,0.541871921182266,0.458128078817734,-0.08374384236453203,HOLD,,,,2.0
51,,TITAN,4675.0,0.430705373392813,0.5320197044334976,0.46798029556650245,-0.0640394088669951,HOLD,,,,2.0
52,,ADANIPOWER,196.3000030517578,0.4287078963014108,0.47783251231527096,0.5221674876847291,0.04433497536945813,ID FILTER,,,,0.0
53,,AJANTPHARM,3557.5,0.41650459379991145,0.5099009900990099,0.4900990099009901,-0.01980198019801982,ID FILTER,,,,0.0
54,,WELSPUNLIV,225.2100067138672,0.41621636375740634,0.49504950495049505,0.504950495049505,0.00990099009900991,ID FILTER,,,,0.0
55,,NYKAA,327.3500061035156,0.41560402576113553,0.5270935960591133,0.4729064039408867,-0.054187192118226646,HOLD,,,,2.0
56,,OFSS,10406.0,0.41203149387376437,0.5024630541871922,0.4975369458128079,-0.004926108374384286,ID FILTER,,,,0.0
57,,AUBANK,1005.2000122070312,0.4115655289429465,0.5123152709359606,0.4876847290640394,-0.024630541871921208,ID FILTER,,,,0.0
58,,ABB,6660.5,0.4095010181417642,0.5517241379310345,0.4482758620689655,-0.10344827586206895,HOLD,,,,2.0
59,,THERMAX,3291.0,0.4037619307475522,0.4975369458128079,0.5024630541871922,0.004926108374384286,ID FILTER,,,,0.0
60,,CCL,1006.2000122070312,0.4022954957599887,0.5073891625615764,0.49261083743842365,-0.014778325123152747,ID FILTER,,,,0.0
61,,KALYANKJIL,568.8499755859375,0.4021860811453133,0.46798029556650245,0.5320197044334976,0.0640394088669951,ID FILTER,,,,0.0
62,,INDUSINDBK,878.0,0.40163060655690597,0.5594059405940595,0.4405940594059406,-0.11881188118811886,HOLD,,,,2.0
63,,MOTHERSON,158.55999755859375,0.3726393866669613,0.49504950495049505,0.504950495049505,0.00990099009900991,ID FILTER,,,,0.0
64,,GVT&D,4130.2998046875,0.3722775207237683,0.5024630541871922,0.4975369458128079,-0.004926108374384286,ID FILTER,,,,0.0
65,,TORNTPHARM,4894.0,0.3722500436246212,0.5566502463054187,0.4433497536945813,-0.11330049261083741,HOLD,,,,2.0
66,,DIVISLAB,9431.0,0.3719352595744094,0.5323383084577115,0.46766169154228854,-0.06467661691542292,HOLD,,,,2.0
67,,ABCAPITAL,378.0,0.3717439976920984,0.5123152709359606,0.4876847290640394,-0.024630541871921208,ID FILTER,,,,0.0
68,,NAM-INDIA,1068.0,0.3697281571116984,0.4827586206896552,0.5172413793103449,0.03448275862068967,ID FILTER,,,,0.0
69,,NEULANDLAB,21375.0,0.36724193282487794,0.458128078817734,0.541871921182266,0.08374384236453203,ID FILTER,,,,0.0
70,,IIFL,607.5,0.3662335198324611,0.5198019801980198,0.4801980198019802,-0.03960396039603964,HOLD,,,,2.0
71,,STARHEALTH,538.0999755859375,0.36536700239944975,0.4925373134328358,0.5074626865671642,0.014925373134328401,ID FILTER,,,,0.0
72,,CUMMINSIND,4800.0,0.36506148753830425,0.5566502463054187,0.4433497536945813,-0.11330049261083741,HOLD,,,,2.0
73,,BALRAMCHIN,672.9000244140625,0.3530302078916532,0.4827586206896552,0.5172413793103449,0.03448275862068967,ID FILTER,,,,0.0
74,,IPCALAB,1938.0999755859375,0.3473803791960164,0.5073891625615764,0.49261083743842365,-0.014778325123152747,ID FILTER,,,,0.0
75,,VIJAYA,1475.0,0.3470790633718088,0.5123152709359606,0.4876847290640394,-0.024630541871921208,ID FILTER,,,,0.0
76,,ABSLAMC,955.9000244140625,0.3420799569780113,0.5198019801980198,0.4801980198019802,-0.03960396039603964,HOLD,,,,2.0
77,,IFCI,70.97000122070312,0.3419913724516541,0.47029702970297027,0.5297029702970297,0.05940594059405946,ID FILTER,,,,0.0
78,,RBLBANK,402.0,0.3360331685545028,0.5073891625615764,0.49261083743842365,-0.014778325123152747,ID FILTER,,,,0.0
79,,SOLARINDS,18650.0,0.3355985367074763,0.5369458128078818,0.4630541871921182,-0.07389162561576357,HOLD,,,,2.0
80,,HEGAM,238.25,0.332516301887235,0.5073891625615764,0.49261083743842365,-0.014778325123152747,ID FILTER,,,,0.0
81,,ADANIGREEN,1260.0,0.32621819477887803,0.4975369458128079,0.5024630541871922,0.004926108374384286,ID FILTER,,,,0.0
82,,ACMESOLAR,437.95001220703125,0.32171139720988595,0.4876847290640394,0.5123152709359606,0.024630541871921208,ID FILTER,,,,0.0
83,,BAJAJ-AUTO,10811.0,0.31890601152924036,0.5270935960591133,0.4729064039408867,-0.054187192118226646,HOLD,,,,2.0
84,,ASTERDM,733.9500122070312,0.318576346034283,0.5467980295566502,0.45320197044334976,-0.09359605911330049,HOLD,,,,2.0
85,,NESTLEIND,1345.699951171875,0.3177284329165193,0.5221674876847291,0.47783251231527096,-0.04433497536945813,HOLD,,,,2.0
86,,MANAPPURAM,316.45001220703125,0.3158106544977901,0.504950495049505,0.49504950495049505,-0.00990099009900991,ID FILTER,,,,0.0
87,,CAPLIPOINT,2744.0,0.30254525315661174,0.4876847290640394,0.5123152709359606,0.024630541871921208,ID FILTER,,,,0.0
88,,AARTIIND,469.8999938964844,0.3021322348074478,0.47783251231527096,0.5221674876847291,0.04433497536945813,ID FILTER,,,,0.0
89,,UNIONBANK,166.0,0.30082045708263205,0.5445544554455446,0.45544554455445546,-0.08910891089108913,HOLD,,,,2.0
90,,SAIL,181.82000732421875,0.29800317363333284,0.5270935960591133,0.4729064039408867,-0.054187192118226646,HOLD,,,,2.0
91,,SCI,272.8999938964844,0.29568044238376556,0.5073891625615764,0.49261083743842365,-0.014778325123152747,ID FILTER,,,,0.0
92,,HINDALCO,955.2000122070312,0.2834583452200097,0.5812807881773399,0.4187192118226601,-0.16256157635467977,HOLD,,,,2.0
93,,JINDALSAW,277.70001220703125,0.280783020663669,0.47783251231527096,0.5221674876847291,0.04433497536945813,ID FILTER,,,,0.0
94,,LTF,271.04998779296875,0.27566142286705975,0.4827586206896552,0.5172413793103449,0.03448275862068967,ID FILTER,,,,0.0
95,,LUPIN,2052.10009765625,0.2749548234878685,0.5172413793103449,0.4827586206896552,-0.03448275862068967,BUY,,,,2.0
96,,ABDL,716.5,0.27326374681289445,0.46534653465346537,0.5346534653465347,0.06930693069306931,ID FILTER,,,,0.0
97,,GLAND,2989.699951171875,0.2731230895528489,0.4729064039408867,0.5270935960591133,0.054187192118226646,ID FILTER,,,,0.0
98,,BIOCON,377.0,0.26889778339006254,0.5396039603960396,0.4603960396039604,-0.07920792079207922,HOLD,,,,2.0
99,,SUNPHARMA,1865.0,0.26349654844095816,0.5566502463054187,0.4433497536945813,-0.11330049261083741,BUY,,,,2.0
100,,MARICO,787.1500244140625,0.2576212836945466,0.5073891625615764,0.49261083743842365,-0.014778325123152747,ID FILTER,,,,0.0
101,,POLYCAB,8102.5,0.2489593665771146,0.5369458128078818,0.4630541871921182,-0.07389162561576357,WAIT,,,,0.0
102,,ADANIPORTS,1822.0,0.24851616768377527,0.5073891625615764,0.49261083743842365,-0.014778325123152747,WAIT,,,,0.0
103,,FLUOROCHEM,4406.2001953125,0.24652466220933578,0.49261083743842365,0.5073891625615764,0.014778325123152747,WAIT,,,,0.0
104,,3MINDIA,31890.0,0.24633385744919067,0.49,0.51,0.020000000000000018,WAIT,,,,0.0
105,,MRPL,171.64999389648438,0.2441837242915752,0.45320197044334976,0.5467980295566502,0.09359605911330049,WAIT,,,,0.0
106,,RKFORGE,714.6500244140625,0.23744200790048464,0.458128078817734,0.541871921182266,0.08374384236453203,WAIT,,,,0.0
107,,GRAPHITE,801.5499877929688,0.23493977878845262,0.4876847290640394,0.5123152709359606,0.024630541871921208,WAIT,,,,0.0
108,,PHOENIXLTD,1929.0,0.233535635384994,0.5024630541871922,0.4975369458128079,-0.004926108374384286,WAIT,,,,0.0
109,,GMRAIRPORT,93.75,0.23245105401093236,0.5099009900990099,0.4900990099009901,-0.01980198019801982,WAIT,,,,0.0
110,,FINCABLES,1435.5,0.22797834896486968,0.5024630541871922,0.4975369458128079,-0.004926108374384286,WAIT,,,,0.0
111,,WOCKPHARMA,2194.199951171875,0.22507029537909573,0.43842364532019706,0.5615763546798029,0.12315270935960587,WAIT,,,,0.0
112,,IDFCFIRSTB,79.45999908447266,0.22330936610993435,0.5422885572139303,0.4577114427860697,-0.08457711442786064,WAIT,,,,0.0
113,,MINDACORP,672.75,0.2181634391680205,0.4827586206896552,0.5172413793103449,0.03448275862068967,WAIT,,,,0.0
114,,NETWEB,4613.0,0.2173221243483736,0.4975369458128079,0.5024630541871922,0.004926108374384286,WAIT,,,,0.0
115,,ELGIEQUIP,594.8499755859375,0.21662160959008103,0.5270935960591133,0.4729064039408867,-0.054187192118226646,WAIT,,,,0.0
116,,PNBHOUSING,1098.199951171875,0.21406829531223193,0.5073891625615764,0.49261083743842365,-0.014778325123152747,WAIT,,,,0.0
117,,PGEL,493.1499938964844,0.21349312168031842,0.4975369458128079,0.5024630541871922,0.004926108374384286,WAIT,,,,0.0
118,,LALPATHLAB,1950.4000244140625,0.21043399315142386,0.47783251231527096,0.5221674876847291,0.04433497536945813,WAIT,,,,0.0
119,,CGCL,246.89999389648438,0.2100091075372028,0.4801980198019802,0.5198019801980198,0.03960396039603964,WAIT,,,,0.0
120,,IKS,1779.4000244140625,0.20981579453675048,0.4876847290640394,0.5123152709359606,0.024630541871921208,WAIT,,,,0.0
121,,TECHM,1510.5,0.20833000658651013,0.5323383084577115,0.46766169154228854,-0.06467661691542292,WAIT,,,,0.0
122,,ADANIENT,2972.89990234375,0.2057590586547935,0.49261083743842365,0.5073891625615764,0.014778325123152747,WAIT,,,,0.0
123,,APOLLOHOSP,8659.0,0.20188900190407355,0.5073891625615764,0.49261083743842365,-0.014778325123152747,WAIT,,,,0.0
124,,KEI,4461.0,0.19857106717301032,0.5172413793103449,0.4827586206896552,-0.03448275862068967,WAIT,,,,0.0
125,,BANKINDIA,130.11000061035156,0.196821329537906,0.5566502463054187,0.4433497536945813,-0.11330049261083741,WAIT,,,,0.0
126,,ZYDUSWELL,506.1000061035156,0.19343797668978513,0.4827586206896552,0.5172413793103449,0.03448275862068967,WAIT,,,,0.0
127,,TRITURBINE,543.5499877929688,0.19192531469622254,0.458128078817734,0.541871921182266,0.08374384236453203,WAIT,,,,0.0
128,,CREDITACC,1216.300048828125,0.1905973695758536,0.5172413793103449,0.4827586206896552,-0.03448275862068967,WAIT,,,,0.0
129,,ASIANPAINT,2415.0,0.18956459373164725,0.5221674876847291,0.47783251231527096,-0.04433497536945813,WAIT,,,,0.0
130,,TVSMOTOR,4091.10009765625,0.1890467843296748,0.5221674876847291,0.47783251231527096,-0.04433497536945813,WAIT,,,,0.0
131,,PAYTM,1683.0,0.1885612153708669,0.46798029556650245,0.5320197044334976,0.0640394088669951,WAIT,,,,0.0
132,,ENGINERSIN,310.20001220703125,0.18568527069030294,0.5099009900990099,0.4900990099009901,-0.01980198019801982,WAIT,,,,0.0
133,,TORNTPOWER,1220.199951171875,0.18521250746218865,0.5369458128078818,0.4630541871921182,-0.07389162561576357,WAIT,,,,0.0
134,,SBIN,964.7000122070312,0.18515304483754513,0.5544554455445545,0.44554455445544555,-0.10891089108910895,WAIT,,,,0.0
135,,PTCIL,22535.0,0.18323676586779025,0.5024630541871922,0.4975369458128079,-0.004926108374384286,WAIT,,,,0.0
136,,SIEMENS,3710.0,0.18148271461511634,0.5517241379310345,0.4482758620689655,-0.10344827586206895,WAIT,,,,0.0
137,,NATCOPHARM,843.0999755859375,0.1808356909677724,0.5320197044334976,0.46798029556650245,-0.0640394088669951,WAIT,,,,0.0
138,,NMDC,77.0,0.1789916576550845,0.504950495049505,0.49504950495049505,-0.00990099009900991,WAIT,,,,0.0
139,,AEGISVOPAK,294.25,0.17666211054272174,0.5024630541871922,0.4975369458128079,-0.004926108374384286,WAIT,,,,0.0
140,,HINDZINC,563.2999877929688,0.17238232336221593,0.49504950495049505,0.504950495049505,0.00990099009900991,WAIT,,,,0.0
141,,NH,1789.9000244140625,0.17057158400158556,0.458128078817734,0.541871921182266,0.08374384236453203,WAIT,,,,0.0
142,,INDIANB,795.25,0.1666191939432662,0.49261083743842365,0.5073891625615764,0.014778325123152747,WAIT,,,,0.0
143,,UNITDSPR,1363.0,0.1638057176799328,0.541871921182266,0.458128078817734,-0.08374384236453203,WAIT,,,,0.0
144,,GABRIEL,1303.9000244140625,0.16252895363849684,0.4482758620689655,0.5517241379310345,0.10344827586206895,WAIT,,,,0.0
145,,JUBLINGREA,639.0999755859375,0.16208638432704614,0.47783251231527096,0.5221674876847291,0.04433497536945813,WAIT,,,,0.0
146,,CARBORUNIV,1200.5,0.160212504163338,0.45320197044334976,0.5467980295566502,0.09359605911330049,WAIT,,,,0.0
147,,GLENMARK,2441.5,0.15646484450659104,0.5396039603960396,0.4603960396039604,-0.07920792079207922,WAIT,,,,0.0
148,,SAREGAMA,493.45001220703125,0.1548772437812962,0.4729064039408867,0.5270935960591133,0.054187192118226646,WAIT,,,,0.0
149,,ZENTEC,1619.800048828125,0.15402414669540443,0.49261083743842365,0.5073891625615764,0.014778325123152747,WAIT,,,,0.0
150,,OBEROIRLTY,1762.9000244140625,0.1528118998727852,0.5148514851485149,0.48514851485148514,-0.02970297029702973,WAIT,,,,0.0
151,,ZFCVINDIA,2297.800048828125,0.15125477361124062,0.4482758620689655,0.5517241379310345,0.10344827586206895,WAIT,,,,0.0
152,,JSWSTEEL,1272.4000244140625,0.14412103853593217,0.5369458128078818,0.4630541871921182,-0.07389162561576357,WAIT,,,,0.0
153,,CARTRADE,2907.5,0.14209728951560296,0.4433497536945813,0.5566502463054187,0.11330049261083741,WAIT,,,,0.0
154,,360ONE,1029.199951171875,0.14122886722894967,0.4876847290640394,0.5123152709359606,0.024630541871921208,WAIT,,,,0.0
155,,LODHA,1106.5999755859375,0.13940103392133563,0.5,0.5,0.0,WAIT,,,,0.0
156,,SHYAMMETL,1074.0,0.1391707901342185,0.4975369458128079,0.5024630541871922,0.004926108374384286,WAIT,,,,0.0
157,,KIMS,769.9000244140625,0.1383737517831669,0.5024875621890548,0.4975124378109453,-0.004975124378109486,WAIT,,,,0.0
158,,THELEELA,533.5999755859375,0.1367799489873187,0.48258706467661694,0.5174129353233831,0.03482587064676612,WAIT,,,,0.0
159,,ASHOKLEY,153.44000244140625,0.13568457574359316,0.5320197044334976,0.46798029556650245,-0.0640394088669951,WAIT,,,,0.0
160,,CHOLAFIN,1627.300048828125,0.1339807004512934,0.4876847290640394,0.5123152709359606,0.024630541871921208,WAIT,,,,0.0
161,,PERSISTENT,5162.0,0.13378144924510305,0.5247524752475248,0.4752475247524752,-0.04950495049504955,WAIT,,,,0.0
162,,ATUL,5982.5,0.13328743205461735,0.4876847290640394,0.5123152709359606,0.024630541871921208,WAIT,,,,0.0
163,,GRASIM,3100.0,0.13327755171909605,0.5320197044334976,0.46798029556650245,-0.0640394088669951,WAIT,,,,0.0
164,,ZYDUSLIFE,1200.5,0.13265687896506217,0.4975369458128079,0.5024630541871922,0.004926108374384286,WAIT,,,,0.0
165,,TATASTEEL,188.0,0.13109270029367304,0.5172413793103449,0.4827586206896552,-0.03448275862068967,WAIT,,,,0.0
166,,JKTYRE,334.79998779296875,0.13064907146802507,0.5024630541871922,0.4975369458128079,-0.004926108374384286,WAIT,,,,0.0
167,,ANURAS,1177.800048828125,0.12956938784698013,0.5148514851485149,0.48514851485148514,-0.02970297029702973,WAIT,,,,0.0
168,,EXIDEIND,407.0,0.12659293249208203,0.4482758620689655,0.5517241379310345,0.10344827586206895,WAIT,,,,0.0
169,,PIDILITIND,1461.0,0.1191956796418343,0.5422885572139303,0.4577114427860697,-0.08457711442786064,WAIT,,,,0.0
170,,RAINBOW,1367.800048828125,0.11914852833522893,0.47783251231527096,0.5221674876847291,0.04433497536945813,WAIT,,,,0.0
171,,TATATECH,686.75,0.11476092840334573,0.5123152709359606,0.4876847290640394,-0.024630541871921208,WAIT,,,,0.0
172,,HONAUT,33980.0,0.11470051695695682,0.4228855721393035,0.5771144278606966,0.15422885572139305,WAIT,,,,0.0
173,,TATACOMM,1654.699951171875,0.11400641316668692,0.4900990099009901,0.5099009900990099,0.01980198019801982,WAIT,,,,0.0
174,,EICHERMOT,7179.0,0.11367214733598785,0.5099009900990099,0.4900990099009901,-0.01980198019801982,WAIT,,,,0.0
175,,CANFINHOME,731.7000122070312,0.11341584448538233,0.5522388059701493,0.44776119402985076,-0.10447761194029853,WAIT,,,,0.0
176,,CGPOWER,858.0499877929688,0.11244590338271099,0.458128078817734,0.541871921182266,0.08374384236453203,WAIT,,,,0.0
177,,INDUSTOWER,367.54998779296875,0.11218313505394861,0.4975369458128079,0.5024630541871922,0.004926108374384286,WAIT,,,,0.0
178,,COFORGE,1722.0,0.10991481984544604,0.49261083743842365,0.5073891625615764,0.014778325123152747,WAIT,,,,0.0
179,,APLAPOLLO,2188.60009765625,0.10247641744596003,0.541871921182266,0.458128078817734,-0.08374384236453203,WAIT,,,,0.0
180,,FIVESTAR,497.25,0.1022684100560276,0.4504950495049505,0.5495049504950495,0.09900990099009904,WAIT,,,,0.0
181,,PRESTIGE,1417.5,0.10007884121892863,0.5172413793103449,0.4827586206896552,-0.03448275862068967,WAIT,,,,0.0
182,,COALINDIA,425.0,0.0989643247841756,0.5123152709359606,0.4876847290640394,-0.024630541871921208,WAIT,,,,0.0
183,,OIL,459.45001220703125,0.09869022827540075,0.5073891625615764,0.49261083743842365,-0.014778325123152747,WAIT,,,,0.0
184,,AXISBANK,1212.0999755859375,0.09199161314283355,0.5123152709359606,0.4876847290640394,-0.024630541871921208,WAIT,,,,0.0
185,,MEDANTA,1415.0999755859375,0.0900722797370559,0.5123152709359606,0.4876847290640394,-0.024630541871921208,WAIT,,,,0.0
186,,YESBANK,20.709999084472656,0.08555129081444868,0.4900990099009901,0.5099009900990099,0.01980198019801982,WAIT,,,,0.0
187,,GODREJPROP,1634.4000244140625,0.08489228412952832,0.5198019801980198,0.4801980198019802,-0.03960396039603964,WAIT,,,,0.0
188,,LINDEINDIA,6199.5,0.08409935615985531,0.4630541871921182,0.5369458128078818,0.07389162561576357,WAIT,,,,0.0
189,,DEEPAKFERT,1308.9000244140625,0.0836220626809856,0.4729064039408867,0.5270935960591133,0.054187192118226646,WAIT,,,,0.0
190,,GODREJIND,1055.699951171875,0.08225945508629717,0.4876847290640394,0.5123152709359606,0.024630541871921208,WAIT,,,,0.0
191,,ASTRAL,1375.0,0.08122731802416827,0.5297029702970297,0.47029702970297027,-0.05940594059405946,WAIT,,,,0.0
192,,PFC,324.1000061035156,0.08050258443841884,0.5024630541871922,0.4975369458128079,-0.004926108374384286,WAIT,,,,0.0
193,,LT,3749.10009765625,0.07629309287519725,0.5123152709359606,0.4876847290640394,-0.024630541871921208,WAIT,,,,0.0
194,,USHAMART,498.8999938964844,0.07325010441474311,0.4752475247524752,0.5247524752475248,0.04950495049504955,WAIT,,,,0.0
195,,KPIL,1365.0999755859375,0.07094947373045413,0.46766169154228854,0.5323383084577115,0.06467661691542292,WAIT,,,,0.0
196,,BOSCHLTD,45700.0,0.0709349584117136,0.4876847290640394,0.5123152709359606,0.024630541871921208,WAIT,,,,0.0
197,,BAJFINANCE,973.7999877929688,0.07057031468351616,0.5247524752475248,0.4752475247524752,-0.04950495049504955,WAIT,,,,0.0
198,,BANDHANBNK,185.30999755859375,0.07029235502749231,0.5099009900990099,0.4900990099009901,-0.01980198019801982,WAIT,,,,0.0
199,,CANBK,119.51000213623047,0.06934125940930436,0.5148514851485149,0.48514851485148514,-0.02970297029702973,WAIT,,,,0.0
200,,DELHIVERY,417.3999938964844,0.06842465678823961,0.5320197044334976,0.46798029556650245,-0.0640394088669951,WAIT,,,,0.0
201,,ICICIBANK,1292.199951171875,0.06661230482928526,0.4975369458128079,0.5024630541871922,0.004926108374384286,WAIT,,,,0.0
202,,CAMS,666.0,0.061277785212972447,0.48258706467661694,0.5174129353233831,0.03482587064676612,WAIT,,,,0.0
203,,SBILIFE,1735.0,0.06084541262374943,0.5320197044334976,0.46798029556650245,-0.0640394088669951,WAIT,,,,0.0
204,,SUNDARMFIN,4334.7998046875,0.05900869737444414,0.5320197044334976,0.46798029556650245,-0.0640394088669951,WAIT,,,,0.0
205,,GRSE,2206.10009765625,0.05832721484445891,0.43842364532019706,0.5615763546798029,0.12315270935960587,WAIT,,,,0.0
206,,NLCINDIA,255.75,0.057705740789810944,0.43349753694581283,0.5665024630541872,0.13300492610837433,WAIT,,,,0.0
207,,ALKEM,5250.0,0.05716924480546459,0.5148514851485149,0.48514851485148514,-0.02970297029702973,WAIT,,,,0.0
208,,MANKIND,2545.0,0.053086901369567396,0.4729064039408867,0.5270935960591133,0.054187192118226646,WAIT,,,,0.0
209,,SAMMAANCAP,136.47999572753906,0.05056072363867958,0.49261083743842365,0.5073891625615764,0.014778325123152747,WAIT,,,,0.0
210,,CESC,133.8699951171875,0.04911865264009707,0.4801980198019802,0.5198019801980198,0.03960396039603964,WAIT,,,,0.0
211,,KAJARIACER,1190.5,0.04698054133361951,0.5172413793103449,0.4827586206896552,-0.03448275862068967,WAIT,,,,0.0
212,,SAGILITY,42.540000915527344,0.045017456402626665,0.472636815920398,0.527363184079602,0.05472636815920401,WAIT,,,,0.0
213,,PNB,111.75,0.04383175123106309,0.5172413793103449,0.4827586206896552,-0.03448275862068967,WAIT,,,,0.0
214,,JINDALSTEL,1130.0,0.043465745099682485,0.5172413793103449,0.4827586206896552,-0.03448275862068967,WAIT,,,,0.0
215,,ATGL,588.4000244140625,0.041970918813121205,0.43349753694581283,0.5665024630541872,0.13300492610837433,WAIT,,,,0.0
216,,ONGC,230.0,0.041315816327487154,0.5270935960591133,0.4729064039408867,-0.054187192118226646,WAIT,,,,0.0
217,,RECLTD,292.45001220703125,0.041028193967708404,0.5074626865671642,0.4925373134328358,-0.014925373134328401,WAIT,,,,0.0
218,,INDIACEM,303.70001220703125,0.04009404690819118,0.5270935960591133,0.4729064039408867,-0.054187192118226646,WAIT,,,,0.0
219,,BHARTIARTL,1771.199951171875,0.038136749108754975,0.5172413793103449,0.4827586206896552,-0.03448275862068967,WAIT,,,,0.0
220,,CIEINDIA,376.45001220703125,0.037771902474306396,0.4827586206896552,0.5172413793103449,0.03448275862068967,WAIT,,,,0.0
221,,POWERGRID,261.5,0.036482358211078036,0.5320197044334976,0.46798029556650245,-0.0640394088669951,WAIT,,,,0.0
222,,JSWENERGY,501.1499938964844,0.03595877831991756,0.4975369458128079,0.5024630541871922,0.004926108374384286,WAIT,,,,0.0
223,,PVRINOX,1190.0999755859375,0.03551637271217967,0.4630541871921182,0.5369458128078818,0.07389162561576357,WAIT,,,,0.0
224,,ANTHEM,869.75,0.03422301632345737,0.47029702970297027,0.5297029702970297,0.05940594059405946,WAIT,,,,0.0
225,,TIMKEN,3086.199951171875,0.03419954310083484,0.5073891625615764,0.49261083743842365,-0.014778325123152747,WAIT,,,,0.0
226,,PETRONET,282.95001220703125,0.032177050394608164,0.5074626865671642,0.4925373134328358,-0.014925373134328401,WAIT,,,,0.0
227,,TBOTEK,1684.699951171875,0.031152648490154977,0.49261083743842365,0.5073891625615764,0.014778325123152747,WAIT,,,,0.0
228,,NIVABUPA,73.27999877929688,0.03077659953355938,0.465,0.535,0.07,WAIT,,,,0.0
229,,CEATLTD,3240.0,0.02379254448946022,0.4876847290640394,0.5123152709359606,0.024630541871921208,WAIT,,,,0.0
230,,INDHOTEL,714.3499755859375,0.023730025820371203,0.5566502463054187,0.4433497536945813,-0.11330049261083741,WAIT,,,,0.0
231,,NTPC,323.5,0.023703590389749563,0.5,0.5,0.0,WAIT,,,,0.0
232,,GAIL,170.0399932861328,0.02316559855147493,0.4876847290640394,0.5123152709359606,0.024630541871921208,WAIT,,,,0.0
233,,FORCEMOT,16905.0,0.02241358216312883,0.4876847290640394,0.5123152709359606,0.024630541871921208,WAIT,,,,0.0
234,,PPLPHARMA,209.07000732421875,0.021081158938633493,0.4729064039408867,0.5270935960591133,0.054187192118226646,WAIT,,,,0.0
235,,IGIL,324.29998779296875,0.01798146765860631,0.4630541871921182,0.5369458128078818,0.07389162561576357,WAIT,,,,0.0
236,,ENDURANCE,2654.800048828125,0.01747405310978678,0.49261083743842365,0.5073891625615764,0.014778325123152747,WAIT,,,,0.0
237,,CONCOR,443.5,0.01673134721355729,0.515,0.485,-0.030000000000000027,WAIT,,,,0.0
238,,PREMIERENE,870.0,0.01643158519346244,0.5172413793103449,0.4827586206896552,-0.03448275862068967,WAIT,,,,0.0
239,,BHARTIHEXA,1409.4000244140625,0.014719383092025584,0.5073891625615764,0.49261083743842365,-0.014778325123152747,WAIT,,,,0.0
240,,CHOICEIN,741.1500244140625,0.014582805422299616,0.47783251231527096,0.5221674876847291,0.04433497536945813,WAIT,,,,0.0
241,,HCLTECH,1222.0,0.012815127885946742,0.5320197044334976,0.46798029556650245,-0.0640394088669951,WAIT,,,,0.0
242,,SCHAEFFLER,3920.0,0.01278067543993755,0.4975369458128079,0.5024630541871922,0.004926108374384286,WAIT,,,,0.0
243,,GLAXO,2783.800048828125,0.011399728914102347,0.4827586206896552,0.5172413793103449,0.03448275862068967,WAIT,,,,0.0
244,,GPIL,221.35000610351562,0.00990651102007778,0.4603960396039604,0.5396039603960396,0.07920792079207922,WAIT,,,,0.0
245,,REDINGTON,405.45001220703125,0.008662850255068744,0.4630541871921182,0.5369458128078818,0.07389162561576357,WAIT,,,,0.0
246,,GRAVITA,1446.9000244140625,0.006668713725070052,0.4827586206896552,0.5172413793103449,0.03448275862068967,WAIT,,,,0.0
247,,BERGEPAINT,448.20001220703125,0.0064834395280459756,0.458128078817734,0.541871921182266,0.08374384236453203,WAIT,,,,0.0
248,,HEROMOTOCO,5208.0,0.004939139629684064,0.5172413793103449,0.4827586206896552,-0.03448275862068967,WAIT,,,,0.0
249,,ASAHIINDIA,957.9500122070312,0.004056212831675898,0.4630541871921182,0.5369458128078818,0.07389162561576357,WAIT,,,,0.0
250,,MAXHEALTH,982.0999755859375,0.0012366187840249232,0.5172413793103449,0.4827586206896552,-0.03448275862068967,WAIT,,,,0.0
251,,CIPLA,1379.300048828125,8.818852570402491e-05,0.4975369458128079,0.5024630541871922,0.004926108374384286,WAIT,,,,0.0
252,,COLPAL,1785.0999755859375,-0.0012415858667886859,0.4975369458128079,0.5024630541871922,-0.004926108374384286,WAIT,,,,0.0
253,,ULTRACEMCO,10829.0,-0.0035711143844877613,0.5073891625615764,0.49261083743842365,0.014778325123152747,WAIT,,,,0.0
254,,JBMA,563.1500244140625,-0.003904844563176302,0.4482758620689655,0.5517241379310345,-0.10344827586206895,WAIT,,,,0.0
255,,HOMEFIRST,1094.4000244140625,-0.005906595450284935,0.45320197044334976,0.5467980295566502,-0.09359605911330049,WAIT,,,,0.0
256,,MUTHOOTFIN,2736.800048828125,-0.006944302183228279,0.5024630541871922,0.4975369458128079,0.004926108374384286,WAIT,,,,0.0
257,,PCBL,330.45001220703125,-0.007299445424925777,0.45320197044334976,0.5467980295566502,-0.09359605911330049,WAIT,,,,0.0
258,,VBL,430.0,-0.007777538945821005,0.4729064039408867,0.5270935960591133,-0.054187192118226646,WAIT,,,,0.0
259,,PAGEIND,36580.0,-0.009260800030922778,0.458128078817734,0.541871921182266,-0.08374384236453203,WAIT,,,,0.0
260,,BANKBARODA,227.67999267578125,-0.010902336427586867,0.4975369458128079,0.5024630541871922,-0.004926108374384286,WAIT,,,,0.0
261,,JSL,738.2999877929688,-0.01124902848127296,0.5323383084577115,0.46766169154228854,0.06467661691542292,WAIT,,,,0.0
262,,IEX,106.38999938964844,-0.012657659387238285,0.48514851485148514,0.5148514851485149,-0.02970297029702973,WAIT,,,,0.0
263,,GICRE,320.25,-0.012924522808976158,0.47783251231527096,0.5221674876847291,-0.04433497536945813,WAIT,,,,0.0
264,,CRISIL,4464.10009765625,-0.014273921411855794,0.45320197044334976,0.5467980295566502,-0.09359605911330049,WAIT,,,,0.0
265,,SUNTV,553.25,-0.01452010671378745,0.5,0.5,-0.0,WAIT,,,,0.0
266,,BPCL,299.3500061035156,-0.014658529449883329,0.4752475247524752,0.5247524752475248,-0.04950495049504955,WAIT,,,,0.0
267,,PFIZER,3912.89990234375,-0.014932926350027964,0.4630541871921182,0.5369458128078818,-0.07389162561576357,WAIT,,,,0.0
268,,TATACONSUM,967.7000122070312,-0.015782336905201477,0.5073891625615764,0.49261083743842365,0.014778325123152747,WAIT,,,,0.0
269,,IRB,16.979999542236328,-0.016119466113068026,0.475,0.525,-0.050000000000000044,WAIT,,,,0.0
270,,JSWINFRA,350.0,-0.016251788920217725,0.4433497536945813,0.5566502463054187,-0.11330049261083741,WAIT,,,,0.0
271,,FORTIS,822.0,-0.01822309712905046,0.475,0.525,-0.050000000000000044,WAIT,,,,0.0
272,,KOTAKBANK,406.0,-0.018694355299507137,0.5099009900990099,0.4900990099009901,0.01980198019801982,WAIT,,,,0.0
273,,IOC,131.3300018310547,-0.020666421254012746,0.5221674876847291,0.47783251231527096,0.04433497536945813,WAIT,,,,0.0
274,,TATAPOWER,359.0,-0.02180732392975282,0.45544554455445546,0.5445544554455446,-0.08910891089108913,WAIT,,,,0.0
275,,ACE,1205.800048828125,-0.02313686929883607,0.49261083743842365,0.5073891625615764,-0.014778325123152747,WAIT,,,,0.0
276,,HAL,4549.2998046875,-0.0231747047427463,0.5123152709359606,0.4876847290640394,0.024630541871921208,WAIT,,,,0.0
277,,LICHSGFIN,548.5,-0.02424191198989256,0.5074626865671642,0.4925373134328358,0.014925373134328401,WAIT,,,,0.0
278,,BEL,387.75,-0.026878726218536486,0.5024875621890548,0.4975124378109453,0.004975124378109486,WAIT,,,,0.0
279,,CASTROLIND,199.8300018310547,-0.027036613582669178,0.46766169154228854,0.5323383084577115,-0.06467661691542292,WAIT,,,,0.0
280,,ONESOURCE,1583.300048828125,-0.027079666693206605,0.4729064039408867,0.5270935960591133,-0.054187192118226646,WAIT,,,,0.0
281,,JPPOWER,15.260000228881836,-0.027952067993439966,0.43349753694581283,0.5665024630541872,-0.13300492610837433,WAIT,,,,0.0
282,,MFSL,1392.4000244140625,-0.028657566253937894,0.4827586206896552,0.5172413793103449,-0.03448275862068967,WAIT,,,,0.0
283,,TRAVELFOOD,1196.5999755859375,-0.029766406809599633,0.5198019801980198,0.4801980198019802,0.03960396039603964,WAIT,,,,0.0
284,,LICI,390.0,-0.030586618291686074,0.4630541871921182,0.5369458128078818,-0.07389162561576357,WAIT,,,,0.0
285,,NSLNISP,41.790000915527344,-0.03301139560527677,0.45320197044334976,0.5467980295566502,-0.09359605911330049,WAIT,,,,0.0
286,,AADHARHFC,432.5,-0.03323233389828584,0.4801980198019802,0.5198019801980198,-0.03960396039603964,WAIT,,,,0.0
287,,KPRMILL,1081.5,-0.034078371860907786,0.4207920792079208,0.5792079207920792,-0.1584158415841584,WAIT,,,,0.0
288,,ECLERX,1769.699951171875,-0.035957651188595174,0.4827586206896552,0.5172413793103449,-0.03448275862068967,WAIT,,,,0.0
289,,POONAWALLA,443.0,-0.03968094495809449,0.4975369458128079,0.5024630541871922,-0.004926108374384286,WAIT,,,,0.0
290,,ETERNAL,327.8500061035156,-0.040172442867027036,0.48258706467661694,0.5174129353233831,-0.03482587064676612,WAIT,,,,0.0
291,,ZEEL,74.13999938964844,-0.040294715189976515,0.47783251231527096,0.5221674876847291,-0.04433497536945813,WAIT,,,,0.0
292,,VOLTAS,1090.0,-0.04152364057579738,0.5198019801980198,0.4801980198019802,0.03960396039603964,WAIT,,,,0.0
293,,ABBOTINDIA,27270.0,-0.04283711943931201,0.45454545454545453,0.5454545454545454,-0.09090909090909088,WAIT,,,,0.0
294,,POLICYBZR,1081.0,-0.04464870965201606,0.49261083743842365,0.5073891625615764,-0.014778325123152747,WAIT,,,,0.0
295,,JYOTICNC,1059.300048828125,-0.044699872919601424,0.47029702970297027,0.5297029702970297,-0.05940594059405946,WAIT,,,,0.0
296,,NAUKRI,1245.0,-0.04494502428842129,0.458128078817734,0.541871921182266,-0.08374384236453203,WAIT,,,,0.0
297,,GMDCLTD,513.2000122070312,-0.04752040585586381,0.45544554455445546,0.5445544554455446,-0.08910891089108913,WAIT,,,,0.0
298,,M&M,2947.800048828125,-0.04753115454961909,0.4975369458128079,0.5024630541871922,-0.004926108374384286,WAIT,,,,0.0
299,,BAJAJFINSV,1742.4000244140625,-0.04872714252017585,0.48258706467661694,0.5174129353233831,-0.03482587064676612,WAIT,,,,0.0
300,,SRF,2420.10009765625,-0.0515679993638003,0.5123152709359606,0.4876847290640394,0.024630541871921208,WAIT,,,,0.0
301,,JSWCEMENT,112.58000183105469,-0.052174880518708,0.4433497536945813,0.5566502463054187,-0.11330049261083741,WAIT,,,,0.0
302,,MMTC,56.7599983215332,-0.0527374492573317,0.4729064039408867,0.5270935960591133,-0.054187192118226646,WAIT,,,,0.0
303,,SUMICHEM,431.1499938964844,-0.05361417623815268,0.4752475247524752,0.5247524752475248,-0.04950495049504955,WAIT,,,,0.0
304,,SARDAEN,500.3500061035156,-0.054190811660251414,0.4876847290640394,0.5123152709359606,-0.024630541871921208,WAIT,,,,0.0
305,,SONATSOFTW,260.8500061035156,-0.054954183946752444,0.46798029556650245,0.5320197044334976,-0.0640394088669951,WAIT,,,,0.0
306,,TITAGARH,819.3499755859375,-0.057423889140825524,0.45320197044334976,0.5467980295566502,-0.09359605911330049,WAIT,,,,0.0
307,,NTPCGREEN,89.98999786376953,-0.05807247971733531,0.4729064039408867,0.5270935960591133,-0.054187192118226646,WAIT,,,,0.0
308,,BLUEJET,549.5999755859375,-0.05827665471697485,0.4603960396039604,0.5396039603960396,-0.07920792079207922,WAIT,,,,0.0
309,,IDBI,83.31999969482422,-0.058310007537175856,0.458128078817734,0.541871921182266,-0.08374384236453203,WAIT,,,,0.0
310,,MOTILALOFS,996.2000122070312,-0.058990201284293886,0.43349753694581283,0.5665024630541872,-0.13300492610837433,WAIT,,,,0.0
311,,UPL,538.0,-0.059849527904822786,0.5148514851485149,0.48514851485148514,0.02970297029702973,WAIT,,,,0.0
312,,DLF,653.0,-0.06021616427622345,0.5024630541871922,0.4975369458128079,0.004926108374384286,WAIT,,,,0.0
313,,HEXT,482.1000061035156,-0.06062304426424925,0.4975369458128079,0.5024630541871922,-0.004926108374384286,WAIT,,,,0.0
314,,LTFOODS,402.79998779296875,-0.06104793719077284,0.4876847290640394,0.5123152709359606,-0.024630541871921208,WAIT,,,,0.0
315,,RELIANCE,1182.0,-0.06628840598094377,0.48514851485148514,0.5148514851485149,-0.02970297029702973,WAIT,,,,0.0
316,,DRREDDY,1251.9000244140625,-0.06889348165278608,0.4729064039408867,0.5270935960591133,-0.054187192118226646,WAIT,,,,0.0
317,,BRITANNIA,4835.0,-0.06940458955814022,0.5123152709359606,0.4876847290640394,0.024630541871921208,WAIT,,,,0.0
318,,GODREJCP,855.0,-0.07327201522794469,0.5148514851485149,0.48514851485148514,0.02970297029702973,WAIT,,,,0.0
319,,JUBLPHARMA,1048.199951171875,-0.0743734803109336,0.47783251231527096,0.5221674876847291,-0.04433497536945813,WAIT,,,,0.0
320,,INDIGO,4872.0,-0.07543367793937272,0.4975369458128079,0.5024630541871922,-0.004926108374384286,WAIT,,,,0.0
321,,RAMCOCEM,844.25,-0.07563444378441175,0.4975369458128079,0.5024630541871922,-0.004926108374384286,WAIT,,,,0.0
322,,HDFCAMC,2223.300048828125,-0.07611715174643452,0.49504950495049505,0.504950495049505,-0.00990099009900991,WAIT,,,,0.0
323,,CDSL,1261.9000244140625,-0.07639701298883517,0.4729064039408867,0.5270935960591133,-0.054187192118226646,WAIT,,,,0.0
324,,NHPC,73.31999969482422,-0.07642687422377192,0.4527363184079602,0.5472636815920398,-0.09452736318407956,WAIT,,,,0.0
325,,APOLLOTYRE,406.75,-0.07744280101272838,0.458128078817734,0.541871921182266,-0.08374384236453203,WAIT,,,,0.0
326,,MRF,123080.0,-0.07845533113505099,0.44554455445544555,0.5544554455445545,-0.10891089108910895,WAIT,,,,0.0
327,,ITI,243.39999389648438,-0.07969450601499806,0.45320197044334976,0.5467980295566502,-0.09359605911330049,WAIT,,,,0.0
328,,FSL,248.89999389648438,-0.08077990143735203,0.4630541871921182,0.5369458128078818,-0.07389162561576357,WAIT,,,,0.0
329,,EIHOTEL,301.8500061035156,-0.08139541028002195,0.4876847290640394,0.5123152709359606,-0.024630541871921208,WAIT,,,,0.0
330,,JSWDULUX,3034.39990234375,-0.08242822034428865,0.49261083743842365,0.5073891625615764,-0.014778325123152747,WAIT,,,,0.0
331,,DEEPAKNTR,1529.0,-0.08254334024608634,0.458128078817734,0.541871921182266,-0.08374384236453203,WAIT,,,,0.0
332,,AIIL,541.7999877929688,-0.08397899763971561,0.4433497536945813,0.5566502463054187,-0.11330049261083741,WAIT,,,,0.0
333,,BALKRISIND,2126.199951171875,-0.0846393032686058,0.43349753694581283,0.5665024630541872,-0.13300492610837433,WAIT,,,,0.0
334,,COROMANDEL,1792.9000244140625,-0.08526988069832864,0.4876847290640394,0.5123152709359606,-0.024630541871921208,WAIT,,,,0.0
335,,INDGN,605.1500244140625,-0.08621296710075632,0.47029702970297027,0.5297029702970297,-0.05940594059405946,WAIT,,,,0.0
336,,HDBFS,630.9000244140625,-0.08644180226226184,0.43842364532019706,0.5615763546798029,-0.12315270935960587,WAIT,,,,0.0
337,,BSOFT,269.04998779296875,-0.08665798093690147,0.46798029556650245,0.5320197044334976,-0.0640394088669951,WAIT,,,,0.0
338,,LTTS,3081.60009765625,-0.08677183767875907,0.49504950495049505,0.504950495049505,-0.00990099009900991,WAIT,,,,0.0
339,,DCMSHRIRAM,907.7999877929688,-0.08691275835684042,0.44554455445544555,0.5544554455445545,-0.10891089108910895,WAIT,,,,0.0
340,,UNOMINDA,1162.0,-0.08864259388542706,0.4900990099009901,0.5099009900990099,-0.01980198019801982,WAIT,,,,0.0
341,,CROMPTON,211.3699951171875,-0.08929681774543818,0.4433497536945813,0.5566502463054187,-0.11330049261083741,WAIT,,,,0.0
342,,BLUEDART,4576.0,-0.09114376162491034,0.4482758620689655,0.5517241379310345,-0.10344827586206895,WAIT,,,,0.0
343,,ERIS,1219.300048828125,-0.09121416692952189,0.47783251231527096,0.5221674876847291,-0.04433497536945813,WAIT,,,,0.0
344,,DOMS,2052.39990234375,-0.09263084947103828,0.4630541871921182,0.5369458128078818,-0.07389162561576357,WAIT,,,,0.0
345,,FACT,757.2000122070312,-0.09295435806884822,0.47783251231527096,0.5221674876847291,-0.04433497536945813,WAIT,,,,0.0
346,,SHREECEM,21900.0,-0.09295638471688572,0.5024875621890548,0.4975124378109453,0.004975124378109486,WAIT,,,,0.0
347,,MPHASIS,2154.39990234375,-0.0946545605540271,0.5270935960591133,0.4729064039408867,0.054187192118226646,WAIT,,,,0.0
348,,GALLANTT,539.0999755859375,-0.09482372746696344,0.4876847290640394,0.5123152709359606,-0.024630541871921208,WAIT,,,,0.0
349,,KFINTECH,838.2000122070312,-0.09483541990002697,0.4630541871921182,0.5369458128078818,-0.07389162561576357,WAIT,,,,0.0
350,,ENRIN,3199.0,-0.09536285931155086,0.43564356435643564,0.5643564356435643,-0.12871287128712866,WAIT,,,,0.0
351,,UCOBANK,23.049999237060547,-0.09736528174191683,0.458128078817734,0.541871921182266,-0.08374384236453203,WAIT,,,,0.0
352,,TRIDENT,22.489999771118164,-0.09823894447089665,0.43842364532019706,0.5615763546798029,-0.12315270935960587,WAIT,,,,0.0
353,,SOBHA,1216.5,-0.09879580003862498,0.4630541871921182,0.5369458128078818,-0.07389162561576357,WAIT,,,,0.0
354,,HUDCO,165.57000732421875,-0.09888064833669163,0.4900990099009901,0.5099009900990099,-0.01980198019801982,WAIT,,,,0.0
355,,MSUMI,34.36000061035156,-0.09952002517376124,0.46798029556650245,0.5320197044334976,-0.0640394088669951,WAIT,,,,0.0
356,,AMBER,6606.5,-0.09967201166180761,0.5024630541871922,0.4975369458128079,0.004926108374384286,WAIT,,,,0.0
357,,ARE&M,766.2999877929688,-0.09978439658581773,0.47029702970297027,0.5297029702970297,-0.05940594059405946,WAIT,,,,0.0
358,,TIINDIA,2413.0,-0.09989666422785726,0.47783251231527096,0.5221674876847291,-0.04433497536945813,WAIT,,,,0.0
359,,APTUS,233.33999633789062,-0.10097625919778552,0.4504950495049505,0.5495049504950495,-0.09900990099009904,WAIT,,,,0.0
360,,HINDPETRO,349.20001220703125,-0.10165830513022855,0.4900990099009901,0.5099009900990099,-0.01980198019801982,WAIT,,,,0.0
361,,CHAMBLFERT,413.54998779296875,-0.10244616632406034,0.5148514851485149,0.48514851485148514,0.02970297029702973,WAIT,,,,0.0
362,,RITES,192.30999755859375,-0.10262891668088403,0.4876847290640394,0.5123152709359606,-0.024630541871921208,WAIT,,,,0.0
363,,JKCEMENT,4824.5,-0.1031752912359466,0.45320197044334976,0.5467980295566502,-0.09359605911330049,WAIT,,,,0.0
364,,DABUR,380.3999938964844,-0.10389446200842534,0.47761194029850745,0.5223880597014925,-0.04477611940298504,WAIT,,,,0.0
365,,RHIM,393.20001220703125,-0.10547133940582354,0.4482758620689655,0.5517241379310345,-0.10344827586206895,WAIT,,,,0.0
366,,BLUESTARCO,1529.5,-0.10896649640813383,0.4752475247524752,0.5247524752475248,-0.04950495049504955,WAIT,,,,0.0
367,,BAJAJHLDNG,10600.0,-0.11049177347920058,0.5024875621890548,0.4975124378109453,0.004975124378109486,WAIT,,,,0.0
368,,MGL,1050.5,-0.11351276740108607,0.4975369458128079,0.5024630541871922,-0.004926108374384286,WAIT,,,,0.0
369,,BIKAJI,531.1500244140625,-0.11393531349553643,0.45320197044334976,0.5467980295566502,-0.09359605911330049,WAIT,,,,0.0
370,,ESCORTS,2706.199951171875,-0.11480228852538032,0.4729064039408867,0.5270935960591133,-0.054187192118226646,WAIT,,,,0.0
371,,NBCC,78.01000213623047,-0.11587096863129254,0.43842364532019706,0.5615763546798029,-0.12315270935960587,WAIT,,,,0.0
372,,SPLPETRO,831.8499755859375,-0.11692635151084418,0.42857142857142855,0.5714285714285714,-0.14285714285714285,WAIT,,,,0.0
373,,BEML,1966.5999755859375,-0.11866793898972783,0.4827586206896552,0.5172413793103449,-0.03448275862068967,WAIT,,,,0.0
374,,BAYERCROP,3602.699951171875,-0.11970532029345671,0.4433497536945813,0.5566502463054187,-0.11330049261083741,WAIT,,,,0.0
375,,NIACL,168.2899932861328,-0.1201050924159992,0.4306930693069307,0.5693069306930693,-0.13861386138613857,WAIT,,,,0.0
376,,TCS,2032.4000244140625,-0.12013896876188035,0.4876847290640394,0.5123152709359606,-0.024630541871921208,WAIT,,,,0.0
377,,IOB,30.950000762939453,-0.12256550536816391,0.44554455445544555,0.5544554455445545,-0.10891089108910895,WAIT,,,,0.0
378,,ANANTRAJ,602.2999877929688,-0.1226488999773786,0.4801980198019802,0.5198019801980198,-0.03960396039603964,WAIT,,,,0.0
379,,CENTRALBK,30.040000915527344,-0.12373898320016063,0.48258706467661694,0.5174129353233831,-0.03482587064676612,WAIT,,,,0.0
380,,CHALET,840.75,-0.12427920689815064,0.4433497536945813,0.5566502463054187,-0.11330049261083741,WAIT,,,,0.0
381,,TEJASNET,490.3999938964844,-0.12435796686372091,0.4039408866995074,0.5960591133004927,-0.19211822660098526,WAIT,,,,0.0
382,,HBLENGINE,808.2999877929688,-0.12436496310640865,0.5247524752475248,0.4752475247524752,0.04950495049504955,WAIT,,,,0.0
383,,MARUTI,11877.0,-0.12737738716817848,0.5024630541871922,0.4975369458128079,0.004926108374384286,WAIT,,,,0.0
384,,LTM,3936.0,-0.12764750899108568,0.4876847290640394,0.5123152709359606,-0.024630541871921208,WAIT,,,,0.0
385,,ICICIGI,1515.0,-0.12769215130438305,0.4876847290640394,0.5123152709359606,-0.024630541871921208,WAIT,,,,0.0
386,,ICICIPRULI,444.54998779296875,-0.12853166753506406,0.5123152709359606,0.4876847290640394,0.024630541871921208,WAIT,,,,0.0
387,,POLYMED,1644.699951171875,-0.132109645530471,0.4236453201970443,0.5763546798029556,-0.1527093596059113,WAIT,,,,0.0
388,,HINDUNILVR,1863.800048828125,-0.13681135290164226,0.46798029556650245,0.5320197044334976,-0.0640394088669951,WAIT,,,,0.0
389,,AAVAS,1248.4000244140625,-0.13741217017373708,0.43564356435643564,0.5643564356435643,-0.12871287128712866,WAIT,,,,0.0
390,,BBTC,1355.0,-0.1415977131720212,0.48514851485148514,0.5148514851485149,-0.02970297029702973,WAIT,,,,0.0
391,,SUZLON,39.5,-0.1416425142775123,0.44776119402985076,0.5522388059701493,-0.10447761194029853,WAIT,,,,0.0
392,,DIXON,13250.0,-0.14408202921276947,0.43842364532019706,0.5615763546798029,-0.12315270935960587,WAIT,,,,0.0
393,,GILLETTE,6963.5,-0.15013841303280118,0.43349753694581283,0.5665024630541872,-0.13300492610837433,WAIT,,,,0.0
394,,DMART,3750.0,-0.15051100893746894,0.49261083743842365,0.5073891625615764,-0.014778325123152747,WAIT,,,,0.0
395,,JIOFIN,217.55999755859375,-0.1520055164256523,0.485,0.515,-0.030000000000000027,WAIT,,,,0.0
396,,BRIGADE,563.0499877929688,-0.15253918450890158,0.43842364532019706,0.5615763546798029,-0.12315270935960587,WAIT,,,,0.0
397,,NAVA,545.9500122070312,-0.15264253406198947,0.47783251231527096,0.5221674876847291,-0.04433497536945813,WAIT,,,,0.0
398,,OLECTRA,1136.9000244140625,-0.15312616083224007,0.44554455445544555,0.5544554455445545,-0.10891089108910895,WAIT,,,,0.0
399,,AFFLE,1501.0,-0.1543730473149586,0.43564356435643564,0.5643564356435643,-0.12871287128712866,WAIT,,,,0.0
400,,BDL,1085.0999755859375,-0.15518541882914505,0.4900990099009901,0.5099009900990099,-0.01980198019801982,WAIT,,,,0.0
401,,ABREL,1160.5999755859375,-0.1564519874669329,0.43842364532019706,0.5615763546798029,-0.12315270935960587,WAIT,,,,0.0
402,,MAZDOCK,2087.10009765625,-0.156681299468602,0.47783251231527096,0.5221674876847291,-0.04433497536945813,WAIT,,,,0.0
403,,CONCORDBIO,1410.699951171875,-0.1603200366608516,0.458128078817734,0.541871921182266,-0.08374384236453203,WAIT,,,,0.0
404,,SBFC,84.45999908447266,-0.16047656906633123,0.472636815920398,0.527363184079602,-0.05472636815920401,WAIT,,,,0.0
405,,WAAREEENER,2380.0,-0.16552828555952825,0.49261083743842365,0.5073891625615764,-0.014778325123152747,WAIT,,,,0.0
406,,SUPREMEIND,3445.800048828125,-0.16699245692577758,0.46798029556650245,0.5320197044334976,-0.0640394088669951,WAIT,,,,0.0
407,,NUVOCO,330.20001220703125,-0.1679479597871082,0.45320197044334976,0.5467980295566502,-0.09359605911330049,WAIT,,,,0.0
408,,INFY,1015.4000244140625,-0.16862245135435672,0.4603960396039604,0.5396039603960396,-0.07920792079207922,WAIT,,,,0.0
409,,HAVELLS,1043.300048828125,-0.1715597096049576,0.4975369458128079,0.5024630541871922,-0.004926108374384286,WAIT,,,,0.0
410,,DALBHARAT,1637.4000244140625,-0.1783177352889651,0.4577114427860697,0.5422885572139303,-0.08457711442786064,WAIT,,,,0.0
411,,IREDA,111.0,-0.18362265352559004,0.4482758620689655,0.5517241379310345,-0.10344827586206895,WAIT,,,,0.0
412,,PARADEEP,154.0800018310547,-0.19496012749059555,0.4630541871921182,0.5369458128078818,-0.07389162561576357,WAIT,,,,0.0
413,,UBL,1210.199951171875,-0.19757079812229728,0.43349753694581283,0.5665024630541872,-0.13300492610837433,WAIT,,,,0.0
414,,HDFCBANK,722.7000122070312,-0.1996476323729025,0.43349753694581283,0.5665024630541872,-0.13300492610837433,WAIT,,,,0.0
415,,TEGA,2060.60009765625,-0.20216373310069613,0.4729064039408867,0.5270935960591133,-0.054187192118226646,WAIT,,,,0.0
416,,COCHINSHIP,1359.300048828125,-0.20421407395356606,0.4482758620689655,0.5517241379310345,-0.10344827586206895,WAIT,,,,0.0
417,,WIPRO,156.7899932861328,-0.20505147979003113,0.5073891625615764,0.49261083743842365,0.014778325123152747,WAIT,,,,0.0
418,,RAILTEL,259.25,-0.20909319255726933,0.4158415841584158,0.5841584158415841,-0.1683168316831683,WAIT,,,,0.0
419,,LATENTVIEW,235.5,-0.2099502335733442,0.43564356435643564,0.5643564356435643,-0.12871287128712866,WAIT,,,,0.0
420,,PIIND,2288.800048828125,-0.21014090101285887,0.4876847290640394,0.5123152709359606,-0.024630541871921208,WAIT,,,,0.0
421,,BAJAJHFL,81.26000213623047,-0.21485532860672263,0.41089108910891087,0.5891089108910891,-0.1782178217821782,WAIT,,,,0.0
422,,CHOLAHLDNG,1371.800048828125,-0.2165901125392653,0.43349753694581283,0.5665024630541872,-0.13300492610837433,WAIT,,,,0.0
423,,JMFINANCIL,125.77999877929688,-0.21874664522966403,0.46798029556650245,0.5320197044334976,-0.0640394088669951,WAIT,,,,0.0
424,,SJVN,59.83000183105469,-0.2214512478796523,0.4187192118226601,0.5812807881773399,-0.16256157635467977,WAIT,,,,0.0
425,,AMBUJACEM,365.75,-0.22181865357847297,0.4827586206896552,0.5172413793103449,-0.03448275862068967,WAIT,,,,0.0
426,,INDIAMART,1612.9000244140625,-0.2269286508457915,0.46534653465346537,0.5346534653465347,-0.06930693069306931,WAIT,,,,0.0
427,,URBANCO,163.7100067138672,-0.22748672916393864,0.4900990099009901,0.5099009900990099,-0.01980198019801982,WAIT,,,,0.0
428,,JWL,219.82000732421875,-0.22792918540829987,0.41089108910891087,0.5891089108910891,-0.1782178217821782,WAIT,,,,0.0
429,,EIDPARRY,696.25,-0.2309438844767432,0.43842364532019706,0.5615763546798029,-0.12315270935960587,WAIT,,,,0.0
430,,TATAINVEST,625.4500122070312,-0.2318951954668066,0.42857142857142855,0.5714285714285714,-0.14285714285714285,WAIT,,,,0.0
431,,SBICARD,581.0,-0.23223219018926522,0.475,0.525,-0.050000000000000044,WAIT,,,,0.0
432,,CYIENT,1055.300048828125,-0.23427041448842623,0.4187192118226601,0.5812807881773399,-0.16256157635467977,WAIT,,,,0.0
433,,ACC,1202.5999755859375,-0.23730059579640306,0.4433497536945813,0.5566502463054187,-0.11330049261083741,WAIT,,,,0.0
434,,ELECON,480.3999938964844,-0.23758879461803617,0.45544554455445546,0.5445544554455446,-0.08910891089108913,WAIT,,,,0.0
435,,INTELLECT,613.25,-0.24071922255798595,0.45544554455445546,0.5445544554455446,-0.08910891089108913,WAIT,,,,0.0
436,,SIGNATURE,754.4500122070312,-0.2442600501743315,0.4630541871921182,0.5369458128078818,-0.07389162561576357,WAIT,,,,0.0
437,,IRCON,102.47000122070312,-0.24504354282763252,0.43564356435643564,0.5643564356435643,-0.12871287128712866,WAIT,,,,0.0
438,,HYUNDAI,2100.0,-0.24568503530792452,0.46798029556650245,0.5320197044334976,-0.0640394088669951,WAIT,,,,0.0
439,,IGL,142.02000427246094,-0.24612876966270703,0.43842364532019706,0.5615763546798029,-0.12315270935960587,WAIT,,,,0.0
440,,EMAMILTD,381.04998779296875,-0.2489674476839785,0.4504950495049505,0.5495049504950495,-0.09900990099009904,WAIT,,,,0.0
441,,TATACHEM,613.8499755859375,-0.2549272634331252,0.3891625615763547,0.6108374384236454,-0.22167487684729065,WAIT,,,,0.0
442,,TECHNOE,1010.1500244140625,-0.25788056254172675,0.4729064039408867,0.5270935960591133,-0.054187192118226646,WAIT,,,,0.0
443,,BLS,219.5500030517578,-0.25822050426189314,0.42574257425742573,0.5742574257425742,-0.14851485148514848,WAIT,,,,0.0
444,,GODIGIT,253.1999969482422,-0.2588200762872468,0.43842364532019706,0.5615763546798029,-0.12315270935960587,WAIT,,,,0.0
445,,HDFCLIFE,523.5499877929688,-0.26158577454263077,0.4482758620689655,0.5517241379310345,-0.10344827586206895,WAIT,,,,0.0
446,,ITC,265.1000061035156,-0.26283372962590534,0.47029702970297027,0.5297029702970297,-0.05940594059405946,WAIT,,,,0.0
447,,VMM,104.30000305175781,-0.26322241395678014,0.4405940594059406,0.5594059405940595,-0.11881188118811886,WAIT,,,,0.0
448,,ZENSARTECH,429.0,-0.26641514177925074,0.4630541871921182,0.5369458128078818,-0.07389162561576357,WAIT,,,,0.0
449,,IRFC,80.26000213623047,-0.2689607688120885,0.43564356435643564,0.5643564356435643,-0.12871287128712866,WAIT,,,,0.0
450,,AWL,178.75,-0.26899457094080703,0.39,0.61,-0.21999999999999997,WAIT,,,,0.0
451,,UTIAMC,877.5999755859375,-0.272153090321849,0.43842364532019706,0.5615763546798029,-0.12315270935960587,WAIT,,,,0.0
452,,JUBLFOOD,463.0,-0.2729567292907168,0.44554455445544555,0.5544554455445545,-0.10891089108910895,WAIT,,,,0.0
453,,TTML,35.18000030517578,-0.27661511468423783,0.39603960396039606,0.6039603960396039,-0.20792079207920788,WAIT,,,,0.0
454,,IRCTC,452.54998779296875,-0.2821038155320479,0.44554455445544555,0.5544554455445545,-0.10891089108910895,WAIT,,,,0.0
455,,ITCHOTELS,160.52999877929688,-0.2887349040532211,0.4187192118226601,0.5812807881773399,-0.16256157635467977,WAIT,,,,0.0
456,,MAPMYINDIA,845.2000122070312,-0.2901434263805551,0.45544554455445546,0.5445544554455446,-0.08910891089108913,WAIT,,,,0.0
457,,OLAELEC,37.41999816894531,-0.292035392006198,0.4088669950738916,0.5911330049261084,-0.1822660098522168,WAIT,,,,0.0
458,,TATAELXSI,3211.699951171875,-0.29460943398278583,0.46798029556650245,0.5320197044334976,-0.0640394088669951,WAIT,,,,0.0
459,,ABLBL,76.9800033569336,-0.2948348932532364,0.39901477832512317,0.6009852216748769,-0.20197044334975373,WAIT,,,,0.0
460,,DEVYANI,130.72000122070312,-0.30347786905295115,0.4039408866995074,0.5960591133004927,-0.19211822660098526,WAIT,,,,0.0
461,,NCC,128.27000427246094,-0.3097504881759622,0.4630541871921182,0.5369458128078818,-0.07389162561576357,WAIT,,,,0.0
462,,SWIGGY,253.6999969482422,-0.31010805200986646,0.42857142857142855,0.5714285714285714,-0.14285714285714285,WAIT,,,,0.0
463,,SWANCORP,284.04998779296875,-0.3132263671008375,0.4039408866995074,0.5960591133004927,-0.19211822660098526,WAIT,,,,0.0
464,,ABFRL,46.2400016784668,-0.31702152788740623,0.42857142857142855,0.5714285714285714,-0.14285714285714285,WAIT,,,,0.0
465,,SYNGENE,367.20001220703125,-0.32374685503775347,0.43564356435643564,0.5643564356435643,-0.12871287128712866,WAIT,,,,0.0
466,,LEMONTREE,104.16999816894531,-0.3257635745972397,0.46798029556650245,0.5320197044334976,-0.0640394088669951,WAIT,,,,0.0
467,,CLEAN,775.75,-0.3311078789507995,0.43842364532019706,0.5615763546798029,-0.12315270935960587,WAIT,,,,0.0
468,,RVNL,197.89999389648438,-0.3398624237279071,0.39408866995073893,0.6059113300492611,-0.2118226600985222,WAIT,,,,0.0
469,,SAPPHIRE,211.0500030517578,-0.3400238878425753,0.42857142857142855,0.5714285714285714,-0.14285714285714285,WAIT,,,,0.0
470,,WHIRLPOOL,888.2000122070312,-0.34311772985680455,0.47029702970297027,0.5297029702970297,-0.05940594059405946,WAIT,,,,0.0
471,,NEWGEN,473.0,-0.3536976421574144,0.41379310344827586,0.5862068965517241,-0.17241379310344823,WAIT,,,,0.0
472,,TRENT,2635.0,-0.3637795671986792,0.46798029556650245,0.5320197044334976,-0.0640394088669951,WAIT,,,,0.0
473,,AFCONS,245.10000610351562,-0.3646197700887097,0.41089108910891087,0.5891089108910891,-0.1782178217821782,WAIT,,,,0.0
474,,TARIL,272.8500061035156,-0.39071765526427416,0.43564356435643564,0.5643564356435643,-0.12871287128712866,WAIT,,,,0.0
475,,BATAINDIA,620.3499755859375,-0.39610001408028994,0.4039408866995074,0.5960591133004927,-0.19211822660098526,WAIT,,,,0.0
476,,PATANJALI,371.3999938964844,-0.3978286547222184,0.4975369458128079,0.5024630541871922,-0.004926108374384286,WAIT,,,,0.0
477,,VEDL,260.0,-0.40537893445741735,0.5693069306930693,0.4306930693069307,0.13861386138613857,WAIT,,,,0.0
478,,GODFRYPHLP,1862.0,-0.4055496978524632,0.4482758620689655,0.5517241379310345,-0.10344827586206895,WAIT,,,,0.0
479,,FIRSTCRY,184.3699951171875,-0.4060764921161727,0.41379310344827586,0.5862068965517241,-0.17241379310344823,WAIT,,,,0.0
480,,KEC,378.3500061035156,-0.4262629755962982,0.42857142857142855,0.5714285714285714,-0.14285714285714285,WAIT,,,,0.0
481,,INOXWIND,71.5,-0.4477289101692955,0.4207920792079208,0.5792079207920792,-0.1584158415841584,WAIT,,,,0.0
482,,KPITTECH,519.7000122070312,-0.47081728173514925,0.4630541871921182,0.5369458128078818,-0.07389162561576357,WAIT,,,,0.0
483,,RPOWER,19.770000457763672,-0.47516151066432666,0.41089108910891087,0.5891089108910891,-0.1782178217821782,WAIT,,,,0.0
484,,KAYNES,3511.5,-0.4839231121684632,0.458128078817734,0.541871921182266,-0.08374384236453203,WAIT,,,,0.0
485,,TMPV,280.95001220703125,-0.5055229917075967,0.4527363184079602,0.5472636815920398,-0.09452736318407956,WAIT,,,,0.0
486,,COHANCE,457.8999938964844,-0.5078731449359277,0.400990099009901,0.599009900990099,-0.19801980198019797,WAIT,,,,0.0
4,44.0,KIRLOSENG,2402.0,1.399540996337879,0.5198019801980198,0.4801980198019802,-0.0396039603960396,SELL,,,,0.0
57,49.0,ABCAPITAL,378.0,0.4031911605160085,0.5123152709359606,0.4876847290640394,-0.0246305418719212,SELL,,,,0.0
36,50.0,CUB,214.91000366210938,0.5291115295270885,0.5123152709359606,0.4876847290640394,-0.0246305418719212,SELL,,,,0.0
