Momentum Rank,ID Rank,Stock,Live Price,Momentum 12-2,Positive Days %,Negative Days %,ID,Portfolio Signal,Sell Reason,Exit Safety,Data Safety,Weight %,Sector,Sector Rank,Sector Stock Count
10,1,FEDERALBNK,325.0,0.8624229994217099,0.6039603960396039,0.396039603960396,-0.2079207920792078,HOLD,,,VALID,2.0,Financial services,1,15
16,2,NATIONALUM,349.0,0.7228622119662103,0.594059405940594,0.4059405940594059,-0.188118811881188,HOLD,,,VALID,2.0,Metals,1,3
3,3,ACUTAAS,3214.39990234375,1.4281717789821735,0.5841584158415841,0.4158415841584158,-0.1683168316831683,HOLD,,,VALID,2.0,Miscellaneous,1,3
98,4,HINDALCO,955.9000244140624,0.2654231816423471,0.5812807881773399,0.4187192118226601,-0.1625615763546797,HOLD,,,VALID,2.0,Metals,2,3
14,5,BHEL,411.8999938964844,0.762083379194636,0.5771144278606966,0.4228855721393035,-0.154228855721393,HOLD,,,VALID,2.0,Engineering & capital goods,1,10
7,6,LAURUSLABS,2010.699951171875,1.1171500004150867,0.5763546798029556,0.4236453201970443,-0.1527093596059113,HOLD,,,VALID,2.0,Healthcare,1,6
26,7,POWERINDIA,30260.0,0.6290753579829294,0.5742574257425742,0.4257425742574257,-0.1485148514851484,HOLD,,,VALID,2.0,Engineering & capital goods,2,10
15,8,SHRIRAMFIN,976.2999877929688,0.737755796185561,0.5742574257425742,0.4257425742574257,-0.1485148514851484,HOLD,,,VALID,2.0,Financial services,2,15
62,9,TORNTPHARM,4869.0,0.387724668626809,0.5615763546798029,0.438423645320197,-0.1231527093596058,HOLD,,,VALID,2.0,Healthcare,2,6
58,10,CUMMINSIND,4855.0,0.3997777091362322,0.5615763546798029,0.438423645320197,-0.1231527093596058,HOLD,,,VALID,2.0,Engineering & capital goods,3,10
60,11,INDUSINDBK,909.7000122070312,0.3939764188666907,0.5594059405940595,0.4405940594059406,-0.1188118811881188,HOLD,,,VALID,2.0,Financial services,3,15
11,12,BHARATFORG,1957.0,0.838745228865523,0.5566502463054187,0.4433497536945813,-0.1133004926108374,HOLD,,,VALID,2.0,Engineering & capital goods,4,10
21,13,HSCL,669.9500122070312,0.6589325104493129,0.5566502463054187,0.4433497536945813,-0.1133004926108374,HOLD,,,VALID,2.0,Chemicals,1,3
9,14,ADANIENSOL,1287.9000244140625,0.8761373715854555,0.5566502463054187,0.4433497536945813,-0.1133004926108374,HOLD,,,VALID,2.0,Energy,1,1
6,15,RRKABEL,2459.800048828125,1.126575050850012,0.5566502463054187,0.4433497536945813,-0.1133004926108374,HOLD,,,VALID,2.0,Engineering & capital goods,5,10
56,16,ABB,6972.5,0.4058696222688072,0.5517241379310345,0.4482758620689655,-0.1034482758620689,HOLD,,,VALID,2.0,Engineering & capital goods,6,10
5,17,ATHERENERG,1454.9000244140625,1.2263381101056532,0.5517241379310345,0.4482758620689655,-0.1034482758620689,HOLD,,,VALID,2.0,Automobile,1,2
48,18,ANANDRATHI,2146.199951171875,0.4273231641244783,0.5467980295566502,0.4532019704433497,-0.0935960591133004,HOLD,,,VALID,2.0,Financial services,4,15
89,19,UNIONBANK,171.75,0.2918200338556018,0.5445544554455446,0.4554455445544554,-0.0891089108910891,HOLD,,,VALID,2.0,Financial services,5,15
40,20,AIAENG,3841.39990234375,0.4993973124124906,0.5445544554455446,0.4554455445544554,-0.0891089108910891,HOLD,,,VALID,2.0,Engineering & capital goods,7,10
93,21,BIOCON,374.8999938964844,0.277566240316053,0.5445544554455446,0.4554455445544554,-0.0891089108910891,HOLD,,,VALID,2.0,Healthcare,3,6
13,22,SONACOMS,807.9000244140625,0.76220995501925,0.541871921182266,0.458128078817734,-0.083743842364532,HOLD,,,VALID,2.0,Auto ancillary,1,1
24,23,NAVINFLUOR,8432.5,0.6464588710066637,0.541871921182266,0.458128078817734,-0.083743842364532,HOLD,,,VALID,2.0,Chemicals,2,3
53,24,GESHIP,1533.4000244140625,0.4127574596951517,0.541871921182266,0.458128078817734,-0.083743842364532,HOLD,,,VALID,2.0,Logistics,1,1
85,25,ASTERDM,747.3499755859375,0.3070922125615121,0.541871921182266,0.458128078817734,-0.083743842364532,HOLD,,,VALID,2.0,Healthcare,4,6
29,26,APARINDS,17263.0,0.6123437150561002,0.541871921182266,0.458128078817734,-0.083743842364532,HOLD,,,VALID,2.0,Engineering & capital goods,8,10
35,27,MAHABANK,80.8499984741211,0.5310401609926501,0.5396039603960396,0.4603960396039604,-0.0792079207920792,HOLD,,,VALID,2.0,Financial services,6,15
77,28,SOLARINDS,19150.0,0.3260772597504553,0.5369458128078818,0.4630541871921182,-0.0738916256157635,HOLD,,,VALID,2.0,Chemicals,3,3
17,29,MCX,3263.5,0.7128968296271028,0.5369458128078818,0.4630541871921182,-0.0738916256157635,HOLD,,,VALID,2.0,Financial services,7,15
25,30,GRANULES,851.4000244140625,0.6386896875909536,0.5346534653465347,0.4653465346534653,-0.0693069306930693,HOLD,,,VALID,2.0,Healthcare,5,6
83,31,DIVISLAB,9550.0,0.3104171198054781,0.5323383084577115,0.4676616915422885,-0.0646766169154229,HOLD,,,VALID,2.0,Healthcare,6,6
19,32,BSE,3097.5,0.6968039787915512,0.5320197044334976,0.4679802955665024,-0.0640394088669951,HOLD,,,VALID,2.0,Financial services,8,15
44,33,TITAN,4819.5,0.4623308162633113,0.5320197044334976,0.4679802955665024,-0.0640394088669951,HOLD,,,VALID,2.0,Retail,1,2
78,34,BAJAJ-AUTO,11024.0,0.3254504885126439,0.5320197044334976,0.4679802955665024,-0.0640394088669951,HOLD,,,VALID,2.0,Automobile,2,2
47,35,NYKAA,325.5,0.4291909334922685,0.5320197044334976,0.4679802955665024,-0.0640394088669951,HOLD,,,VALID,2.0,Retail,2,2
97,36,SAIL,184.1999969482422,0.2658372820582757,0.5270935960591133,0.4729064039408867,-0.0541871921182266,BUY,,,VALID,2.0,Metals,3,3
41,37,RADICO,4478.2998046875,0.4913340974492199,0.5270935960591133,0.4729064039408867,-0.0541871921182266,HOLD,,,VALID,2.0,FMCG,1,1
33,38,PFOCUS,315.20001220703125,0.5769587547643678,0.5270935960591133,0.4729064039408867,-0.0541871921182266,HOLD,,,VALID,2.0,Media & entertainment,1,1
12,39,J&KBANK,142.25,0.7810145416025391,0.5270935960591133,0.4729064039408867,-0.0541871921182266,HOLD,,,VALID,2.0,Financial services,9,15
27,40,SYRMA,1746.4000244140625,0.6267048023382451,0.5270935960591133,0.4729064039408867,-0.0541871921182266,HOLD,,,VALID,2.0,Engineering & capital goods,9,10
39,41,NUVAMA,1640.5999755859375,0.507257477574524,0.5221674876847291,0.4778325123152709,-0.0443349753694581,HOLD,,,VALID,2.0,Financial services,10,15
22,42,KARURVYSYA,320.75,0.6583926931775108,0.5221674876847291,0.4778325123152709,-0.0443349753694581,HOLD,,,VALID,2.0,Financial services,11,15
8,43,WELCORP,2739.699951171875,0.9149213283591922,0.5221674876847291,0.4778325123152709,-0.0443349753694581,HOLD,,,VALID,2.0,Building materials,1,1
4,44,KIRLOSENG,2141.199951171875,1.399540996337879,0.5198019801980198,0.4801980198019802,-0.0396039603960396,HOLD,,,VALID,2.0,Engineering & capital goods,10,10
59,45,IIFL,598.1500244140625,0.398971902007678,0.5198019801980198,0.4801980198019802,-0.0396039603960396,HOLD,,,VALID,2.0,Financial services,12,15
43,46,VTL,540.5499877929688,0.4681207791291908,0.5172413793103449,0.4827586206896552,-0.0344827586206896,HOLD,,,VALID,2.0,Miscellaneous,2,3
87,47,NESTLEIND,1346.0,0.2962879558910025,0.5172413793103449,0.4827586206896552,-0.0344827586206896,HOLD,,,VALID,2.0,Miscellaneous,3,3
79,48,ABSLAMC,987.7000122070312,0.3173491616901962,0.5148514851485149,0.4851485148514851,-0.0297029702970297,HOLD,,,VALID,2.0,Financial services,13,15
57,49,ABCAPITAL,382.7000122070313,0.4031911605160085,0.5123152709359606,0.4876847290640394,-0.0246305418719212,HOLD,,,VALID,2.0,Financial services,14,15
36,50,CUB,215.9900054931641,0.5291115295270885,0.5123152709359606,0.4876847290640394,-0.0246305418719212,BUY,,,VALID,2.0,Financial services,15,15
