Stock,Source Type,Publisher,Date,Title,URL
FEDERALBNK,News discovery,Retail Banker International,2026-09-08T12:00:53Z,Blackstone explores stake in India’s IIFL Finance – report,https://www.retailbankerinternational.com/news/blackstone-explores-stake-in-indias-iifl-finance-report/
FEDERALBNK,News discovery,Investing.com,2026-08-29T02:31:53Z,Indian bank stocks show widest exchange price gap in decades,https://finance.yahoo.com/markets/stocks/articles/indian-bank-stocks-show-widest-023153299.html
FEDERALBNK,News discovery,Reuters,2026-08-24T03:28:17Z,"India's Federal Bank latest lender to tap dollar debt market via GIFT City, bankers say",https://sg.finance.yahoo.com/news/indias-federal-bank-latest-lender-032817854.html
FEDERALBNK,News discovery,Reuters,2026-08-18T13:11:34Z,"Four Indian private lenders eye dollar debt before RBI swap window deadline, bankers say",https://sg.finance.yahoo.com/news/four-indian-private-lenders-eye-131134816.html
FEDERALBNK,News discovery,Simply Wall St.,2026-08-03T00:15:17Z,Federal Bank (NSEI:FEDERALBNK) Stock Gets Fair Value Boost Before Board Results Review,https://finance.yahoo.com/markets/stocks/articles/federal-bank-nsei-federalbnk-stock-001517466.html
FEDERALBNK,News discovery,GuruFocus.com,2026-07-20T01:00:24Z,The Federal Bank Ltd (LSE:FEDS) Q1 2027 Earnings Call Highlights: Strong Profit Growth and ...,https://finance.yahoo.com/markets/stocks/articles/federal-bank-ltd-lse-feds-010024291.html
FEDERALBNK,News discovery,Simply Wall St.,2026-07-19T21:07:59Z,Federal Bank (NSEI:FEDERALBNK) Stock Sees Modest Fair Value Lift On Refined Analyst Assumptions,https://finance.yahoo.com/markets/stocks/articles/federal-bank-nsei-federalbnk-stock-210759367.html
FEDERALBNK,News discovery,Simply Wall St.,2026-06-15T00:14:55Z,Federal Bank (NSEI:FEDERALBNK) Stock Sees Split Analyst Revisions On Valuation Inputs,https://finance.yahoo.com/markets/stocks/articles/federal-bank-nsei-federalbnk-stock-001455959.html
NATIONALUM,News discovery,GuruFocus.com,2026-08-04T01:06:26Z,National Aluminium Co Ltd (BOM:532234) (Q1 2027) Earnings Call Highlights: Record Production ...,https://finance.yahoo.com/markets/stocks/articles/national-aluminium-co-ltd-bom-010626027.html
NATIONALUM,News discovery,Power Technology,2026-07-09T13:12:37Z,NLCIL and NALCO partner on 1.08GW thermal plant in Odisha,https://www.power-technology.com/news/nlc-india-nalco-1080mw-thermal-plant-odisha/
NATIONALUM,News discovery,Reuters,2026-05-13T06:22:59Z,"Four Indian stocks added, four excluded from key global index in MSCI's May rejig",https://sg.finance.yahoo.com/news/four-indian-stocks-added-four-062259757.html
NATIONALUM,News discovery,GuruFocus.com,2026-05-01T19:01:18Z,National Aluminium Co Ltd (BOM:532234) Q4 2026 Earnings Call Highlights: Record Growth Amidst ...,https://finance.yahoo.com/markets/stocks/articles/national-aluminium-co-ltd-bom-190118786.html
NATIONALUM,News discovery,Reuters,2026-04-30T10:31:36Z,India's NALCO posts quarterly profit drop on alumina softness,https://sg.finance.yahoo.com/news/indias-nalco-posts-quarterly-profit-103136152.html
NATIONALUM,News discovery,Power Technology,2026-02-16T11:13:31Z,"NLCIL, NALCO sign thermal and renewable energy development deal",https://www.power-technology.com/news/nlcil-nalco-thermal-renewable-energy/
NATIONALUM,News discovery,GuruFocus.com,2026-02-04T01:01:48Z,National Aluminium Co Ltd (BOM:532234) Q3 2026 Earnings Call Highlights: Strong Revenue Growth ...,https://finance.yahoo.com/news/national-aluminium-co-ltd-bom-010148778.html
NATIONALUM,News discovery,Reuters,2026-01-30T10:11:06Z,India's NALCO posts rise in quarterly profit on higher aluminium prices,https://sg.finance.yahoo.com/news/indias-nalco-posts-rise-quarterly-101106065.html
HINDALCO,News discovery,Mining Technology,2026-08-11T12:56:46Z,Hindustan Copper plans supply of Chilean copper to Hindalco and Adani,https://www.mining-technology.com/news/hindustan-copper-plans-supply-of-chilean-copper/
HINDALCO,News discovery,Reuters,2026-08-10T08:30:37Z,"India's Hindustan Copper plans to sell copper concentrate sourced from Chile to Hindalco, Adani, sources say",https://sg.finance.yahoo.com/news/indias-hindustan-copper-plans-sell-083037866.html
HINDALCO,News discovery,GuruFocus.com,2026-08-07T19:00:30Z,Hindalco Industries Ltd (FRA:HID) (Q1 2027) Earnings Call Highlights: Record EBITDA and ...,https://finance.yahoo.com/markets/stocks/articles/hindalco-industries-ltd-fra-hid-190030678.html
HINDALCO,News discovery,Reuters,2026-08-07T11:03:07Z,India's Hindalco posts profit surge as metal prices strengthen,https://sg.finance.yahoo.com/news/indias-hindalco-posts-profit-jumps-091416774.html
HINDALCO,News discovery,Mining Technology,2026-07-24T14:00:53Z,Enervoxa eyes rare earth processing project in India,https://www.mining-technology.com/news/enervoxa-rare-earth-processing-project-india/
HINDALCO,News discovery,Reuters,2026-07-24T07:53:33Z,"Canada's Enervoxa plans India rare earths project, may tie up with Vedanta, NALCO",https://sg.finance.yahoo.com/news/canadas-enervoxa-plans-india-rare-075333294.html
HINDALCO,News discovery,Reuters,2026-07-11T11:27:46Z,India's Aditya Birla proposes $1.26 billion expansion of Odisha alumina refinery,https://sg.finance.yahoo.com/news/indias-aditya-birla-proposes-1-112746161.html
HINDALCO,News discovery,GuruFocus.com,2026-05-26T01:03:25Z,Hindalco Industries Ltd (FRA:HID) Q4 2026 Earnings Call Highlights: Strong EBITDA Growth Amid ...,https://finance.yahoo.com/markets/stocks/articles/hindalco-industries-ltd-fra-hid-010325951.html
POWERINDIA,News discovery,Simply Wall St.,2026-09-17T23:20:54Z,3 Renewable Energy Stocks To Watch If Grid Infrastructure Spending Keeps Rising,https://finance.yahoo.com/energy/articles/3-renewable-energy-stocks-watch-232054605.html
POWERINDIA,News discovery,GuruFocus.com,2026-08-07T19:00:50Z,Hitachi Energy India Ltd (BOM:543187) (Q1 2027) Earnings Call Highlights: Record Backlog and ...,https://finance.yahoo.com/markets/stocks/articles/hitachi-energy-india-ltd-bom-190050334.html
POWERINDIA,News discovery,Reuters,2026-06-01T03:29:51Z,Hitachi Energy India eyes bigger slice of data centre boom with 'grid-to-rack' push,https://sg.finance.yahoo.com/news/hitachi-energy-india-eyes-bigger-114134671.html
POWERINDIA,News discovery,GuruFocus.com,2026-05-28T03:01:43Z,Hitachi Energy India Ltd (BOM:543187) Q4 2026 Earnings Call Highlights: Record Revenue Growth ...,https://finance.yahoo.com/markets/stocks/articles/hitachi-energy-india-ltd-bom-030143003.html
POWERINDIA,News discovery,GuruFocus.com,2026-02-05T19:02:11Z,Hitachi Energy India Ltd (BOM:543187) Q3 2026 Earnings Call Highlights: Strong Order Growth and ...,https://finance.yahoo.com/news/hitachi-energy-india-ltd-bom-190211567.html
POWERINDIA,News discovery,GuruFocus.com,2025-11-13T01:04:58Z,Hitachi Energy India Ltd (BOM:543187) Q2 2026 Earnings Call Highlights: Record Profit Growth ...,https://finance.yahoo.com/news/hitachi-energy-india-ltd-bom-010458926.html
ACUTAAS,News discovery,GuruFocus.com,2026-07-28T01:02:37Z,Acutaas Chemicals Ltd (BOM:543349) Q1 2027 Earnings Call Highlights: Robust Growth and ...,https://finance.yahoo.com/markets/stocks/articles/acutaas-chemicals-ltd-bom-543349-010237353.html
BHEL,News discovery,GuruFocus.com,2026-08-12T17:09:09Z,thyssenkrupp nucera AG & Co (THYKF) (Q3 2026) Earnings Call Highlights: Strategic Pivot to ...,https://finance.yahoo.com/markets/stocks/articles/thyssenkrupp-nucera-ag-co-thykf-170909860.html
BHEL,News discovery,Reuters,2026-03-30T03:42:17Z,India relaxes rules for some state-run firms to procure critical equipment from China,https://sg.finance.yahoo.com/news/india-relaxes-rules-state-run-162320588.html
BHEL,News discovery,GuruFocus.com,2026-02-21T01:01:55Z,GE Power India Ltd (BOM:532309) Q3 2026 Earnings Call Highlights: Strong Profit Growth Amid ...,https://finance.yahoo.com/news/ge-power-india-ltd-bom-010155486.html
BHEL,News discovery,GuruFocus.com,2026-02-18T01:02:46Z,Synergy Green Industries Ltd (BOM:541929) Q3 2026 Earnings Call Highlights: Expansion Plans and ...,https://finance.yahoo.com/news/synergy-green-industries-ltd-bom-010246386.html
BHEL,News discovery,Power Technology,2026-02-10T08:57:07Z,Adani secures Japanese funding for India’s green energy corridor,https://www.power-technology.com/news/adani-japanese-funding-green-energy/
BHEL,News discovery,Reuters,2026-01-29T10:01:43Z,India's Adani Power reports quarterly profit fall as demand eases,https://sg.finance.yahoo.com/news/indias-adani-power-reports-quarterly-100143317.html
BHEL,News discovery,Reuters,2026-01-19T08:02:58Z,India's BHEL third-quarter revenue rises 16% on sustained power products demand,https://sg.finance.yahoo.com/news/indias-bhel-third-quarter-revenue-080258279.html
SHRIRAMFIN,News discovery,Reuters,2026-08-12T16:37:26Z,BofA to take 49.9% stake in Jio Credit for $1.9 billion in India push,https://sg.finance.yahoo.com/news/bofa-invest-1-9-billion-154850725.html
SHRIRAMFIN,News discovery,GuruFocus.com,2026-07-24T21:02:52Z,Shriram Finance Ltd (BOM:511218) Q1 2027 Earnings Call Highlights: Robust Profit Growth and ...,https://finance.yahoo.com/markets/stocks/articles/shriram-finance-ltd-bom-511218-210252485.html
SHRIRAMFIN,News discovery,Reuters,2026-07-24T14:10:00Z,India's Shriram Finance expects lower borrowing costs after profit surge,https://sg.finance.yahoo.com/news/indias-shriram-finance-posts-strong-091526978.html
SHRIRAMFIN,News discovery,MarketBeat,2026-05-18T15:05:39Z,Mitsubishi UFJ Financial Group Q4 Earnings Call Highlights,https://www.marketbeat.com/instant-alerts/mitsubishi-ufj-financial-group-q4-earnings-call-highlights-2026-05-18/?utm_source=yahoofinance&utm_medium=yahoofinance
SHRIRAMFIN,News discovery,GuruFocus.com,2026-04-25T07:03:56Z,Shriram Finance Ltd (BOM:511218) Q4 2026 Earnings Call Highlights: Robust Profit Growth and ...,https://finance.yahoo.com/markets/stocks/articles/shriram-finance-ltd-bom-511218-070356537.html
SHRIRAMFIN,News discovery,Reuters,2026-04-24T10:43:18Z,"India's Shriram Finance beats profit forecasts, crosses 3 trillion rupees in AUM",https://sg.finance.yahoo.com/news/indias-shriram-finance-beats-quarterly-094332912.html
SHRIRAMFIN,News discovery,Retail Banker International,2026-04-22T11:58:36Z,MUFG lending head signals further Asia dealmaking,https://www.retailbankerinternational.com/news/mufg-lending-head-signals-further-asia-dealmaking/
SHRIRAMFIN,News discovery,Reuters,2026-02-03T04:32:07Z,Advent to buy 14.3% of Indian mortgage lender Aditya Birla Housing Finance for $304 million,https://sg.finance.yahoo.com/news/advent-buy-14-3-indian-043207222.html
LAURUSLABS,News discovery,Simply Wall St.,2026-09-18T17:14:48Z,3 India Pharma Exporter Stocks Facing Fresh US Tariff Pressure,https://finance.yahoo.com/healthcare/articles/3-india-pharma-exporter-stocks-171448779.html
LAURUSLABS,News discovery,Simply Wall St.,2026-08-16T00:16:06Z,Laurus Labs (NSEI:LAURUSLABS) Stock Fair Value Rises After Analysts Lift Growth Expectations,https://finance.yahoo.com/markets/stocks/articles/laurus-labs-nsei-lauruslabs-stock-001606941.html
LAURUSLABS,News discovery,Reuters,2026-08-13T03:00:04Z,"Four Indian stocks to be added, three removed from key global index in MSCI's August rejig",https://sg.finance.yahoo.com/news/four-indian-stocks-added-three-030004466.html
LAURUSLABS,News discovery,GuruFocus.com,2026-07-24T19:01:09Z,Laurus Labs Ltd (BOM:540222) Q1 2027 Earnings Call Highlights: Robust Revenue Growth and ...,https://finance.yahoo.com/healthcare/articles/laurus-labs-ltd-bom-540222-190109228.html
LAURUSLABS,News discovery,Simply Wall St.,2026-06-04T12:11:36Z,How The Laurus Labs (NSEI:LAURUSLABS) Investment Story Is Evolving With A Steady Price Target,https://finance.yahoo.com/markets/stocks/articles/laurus-labs-nsei-lauruslabs-investment-121136812.html
LAURUSLABS,News discovery,Simply Wall St.,2026-02-04T13:23:36Z,What Recent Developments Signal For The Laurus Labs NSEI LAURUSLABS Investment Story,https://finance.yahoo.com/news/recent-developments-signal-laurus-labs-132336123.html
LAURUSLABS,News discovery,GuruFocus.com,2026-01-23T19:01:32Z,Laurus Labs Ltd (BOM:540222) Q3 2026 Earnings Call Highlights: Strong Revenue Growth and ...,https://finance.yahoo.com/news/laurus-labs-ltd-bom-540222-190132423.html
LAURUSLABS,News discovery,Simply Wall St.,2026-01-21T05:23:12Z,Reframing The Story For Laurus Labs (NSEI:LAURUSLABS) After The New Fair Value Reset,https://finance.yahoo.com/news/reframing-story-laurus-labs-nsei-052312662.html
TORNTPHARM,News discovery,GuruFocus.com,2026-07-30T19:02:44Z,Torrent Pharmaceuticals Ltd (BOM:500420) (Q1 2027) Earnings Call Highlights: Record Revenue ...,https://finance.yahoo.com/healthcare/articles/torrent-pharmaceuticals-ltd-bom-500420-190244086.html
TORNTPHARM,News discovery,GuruFocus.com,2026-05-22T21:00:29Z,Torrent Pharmaceuticals Ltd (BOM:500420) Q4 2026 Earnings Call Highlights: Robust Revenue ...,https://finance.yahoo.com/sectors/healthcare/articles/torrent-pharmaceuticals-ltd-bom-500420-210029063.html
TORNTPHARM,News discovery,Reuters,2026-05-22T12:05:56Z,Indian drugmaker Torrent Pharma posts lower quarterly profit on acquisition costs,https://sg.finance.yahoo.com/news/indian-drugmaker-torrent-pharma-posts-120556089.html
TORNTPHARM,News discovery,Simply Wall St.,2026-03-01T18:11:09Z,A Look At Xeris Biopharma Holdings (XERS) Valuation As It Fights To Protect Recorlev Exclusivity,https://finance.yahoo.com/news/look-xeris-biopharma-holdings-xers-181109994.html
TORNTPHARM,News discovery,GuruFocus.com,2026-02-13T19:01:43Z,Torrent Pharmaceuticals Ltd (BOM:500420) Q3 2026 Earnings Call Highlights: Robust Revenue ...,https://finance.yahoo.com/news/torrent-pharmaceuticals-ltd-bom-500420-190143498.html
TORNTPHARM,News discovery,Reuters,2026-01-08T04:33:47Z,"India's Torrent Pharma lines up mega $1.4 billion acquisition-funding bond sale, bankers say",https://sg.finance.yahoo.com/news/indias-torrent-pharma-lines-mega-043347252.html
TORNTPHARM,News discovery,GuruFocus.com,2025-11-10T05:01:06Z,Torrent Pharmaceuticals Ltd (BOM:500420) Q2 2026 Earnings Call Highlights: Strong Revenue ...,https://finance.yahoo.com/news/torrent-pharmaceuticals-ltd-bom-500420-050106039.html
TORNTPHARM,News discovery,Reuters,2025-10-23T10:15:29Z,"India's Torrent Pharma to proceed with $1.6 billion bond issue after regulatory nod, bankers say",https://sg.finance.yahoo.com/news/indias-torrent-pharma-proceed-1-101529752.html
INDUSINDBK,News discovery,Investing.com,2026-08-29T02:31:53Z,Indian bank stocks show widest exchange price gap in decades,https://finance.yahoo.com/markets/stocks/articles/indian-bank-stocks-show-widest-023153299.html
INDUSINDBK,News discovery,GuruFocus.com,2026-07-22T19:01:40Z,IndusInd Bank Ltd (BOM:532187) Q1 2027 Earnings Call Highlights: Strong Profit Growth Amid ...,https://finance.yahoo.com/markets/stocks/articles/indusind-bank-ltd-bom-532187-190140299.html
INDUSINDBK,News discovery,Reuters,2026-07-22T15:24:55Z,"India's IndusInd Bank profit jumps on lower provisions, tax refund",https://sg.finance.yahoo.com/news/indias-indusind-bank-posts-higher-105003317.html
INDUSINDBK,News discovery,Reuters,2026-07-06T10:16:21Z,Indian shares rise to 10-week high; HDFC Bank leads after strong Q1 growth,https://sg.finance.yahoo.com/news/indian-shares-likely-open-higher-022746814.html
INDUSINDBK,News discovery,Reuters,2026-06-03T09:49:00Z,India's IndusInd Bank slips on report of whistleblower complaint,https://sg.finance.yahoo.com/news/indias-indusind-bank-slips-report-053748781.html
INDUSINDBK,News discovery,GuruFocus.com,2026-04-25T07:02:32Z,IndusInd Bank Ltd (BOM:532187) Full Year 2026 Earnings Call Highlights: Strong Profit Growth ...,https://finance.yahoo.com/markets/stocks/articles/indusind-bank-ltd-bom-532187-070232250.html
INDUSINDBK,News discovery,Reuters,2026-04-24T12:19:11Z,India's IndusInd Bank beats profit view on fewer new bad loans,https://sg.finance.yahoo.com/news/indias-indusind-bank-beats-fourth-111017043.html
INDUSINDBK,News discovery,Reuters,2026-03-05T06:54:21Z,"India's IndusInd Bank treasury head set to exit, sources say",https://sg.finance.yahoo.com/news/indias-indusind-bank-treasury-head-065421048.html
BHARATFORG,News discovery,Reuters,2025-12-16T06:06:16Z,"Exclusive-Top Indian arms makers held rare meetings in Russia on potential joint ventures, sources say",https://sg.finance.yahoo.com/news/exclusive-top-indian-arms-makers-123431005.html
BHARATFORG,News discovery,GuruFocus.com,2025-11-11T17:01:25Z,Bharat Forge Ltd (BOM:500493) Q2 2026 Earnings Call Highlights: Navigating Challenges with ...,https://finance.yahoo.com/news/bharat-forge-ltd-bom-500493-170125361.html
ATHERENERG,News discovery,Bloomberg,2026-09-01T06:51:16Z,Ather Energy’s 130% Stock Surge Leaves Tesla and BYD Behind in 2026,https://finance.yahoo.com/markets/stocks/articles/ather-energy-130-stock-surge-065116645.html
ATHERENERG,News discovery,Reuters,2026-08-27T15:26:46Z,India's Hero MotoCorp to invest additional $184 million in Ather Energy,https://sg.finance.yahoo.com/news/indias-hero-motocorp-invest-additional-152646751.html
ATHERENERG,News discovery,GuruFocus.com,2026-08-06T01:01:35Z,Ather Energy Ltd (NSE:ATHERENERG) (Q1 2027) Earnings Call Highlights: First-Ever Positive ...,https://finance.yahoo.com/markets/stocks/articles/ather-energy-ltd-nse-atherenerg-010135719.html
ATHERENERG,News discovery,TechCrunch,2026-08-05T11:26:00Z,"Indian EV startup River raises $120M Series C to scale production, launch more models",https://finance.yahoo.com/technology/articles/indian-ev-startup-river-raises-112600641.html
ATHERENERG,News discovery,Reuters,2026-08-03T10:44:26Z,"India's Ather Energy posts narrower quarterly loss, aided by firm scooter demand",https://sg.finance.yahoo.com/news/indias-ather-energy-posts-narrower-094921115.html
ATHERENERG,News discovery,Reuters,2026-07-15T10:24:57Z,"India's Ather Energy to raise $125 million via share issue, warrants",https://sg.finance.yahoo.com/news/indias-ather-energy-raise-125-102457261.html
ATHERENERG,News discovery,Reuters,2026-07-14T15:07:51Z,India's Hero MotoCorp to invest about $104 million in Ather Energy,https://sg.finance.yahoo.com/news/indias-hero-motocorp-invest-104-144812921.html
ATHERENERG,News discovery,Reuters,2026-05-04T06:55:45Z,India's Ather Energy narrows quarterly loss as Rizta e-scooter drives sales growth,https://sg.finance.yahoo.com/news/ather-energy-posts-narrower-quarterly-055431160.html
ABB,News discovery,GuruFocus.com,2025-11-12T01:04:10Z,ABB India Ltd (BOM:500002) Q3 2025 Earnings Call Highlights: Strong Revenue Growth Amid Market ...,https://finance.yahoo.com/news/abb-india-ltd-bom-500002-010410478.html
ABB,News discovery,Reuters,2025-11-06T12:25:06Z,Engineering firm ABB India's profit falls as orders dip,https://sg.finance.yahoo.com/news/engineering-firm-abb-indias-profit-122506577.html
CUMMINSIND,News discovery,Reuters,2026-02-04T15:40:58Z,Cummins India's quarterly profit rises on lower expenses,https://sg.finance.yahoo.com/news/cummins-indias-quarterly-profit-rises-154058913.html
CUMMINSIND,News discovery,GuruFocus.com,2025-11-12T01:02:23Z,Cummins India Ltd (BOM:500480) Q2 2026 Earnings Call Highlights: Robust Sales Growth Amidst ...,https://finance.yahoo.com/news/cummins-india-ltd-bom-500480-010223556.html
HSCL,News discovery,GuruFocus.com,2026-07-16T19:00:38Z,Himadri Speciality Chemical Ltd (BOM:500184) Q1 2027 Earnings Call Highlights: Strong Revenue ...,https://finance.yahoo.com/markets/stocks/articles/himadri-speciality-chemical-ltd-bom-190038809.html
HSCL,News discovery,Simply Wall St.,2026-06-01T09:12:06Z,How The Investment Story For Himadri Speciality Chemical (BSE:500184) Is Evolving Without New Analyst Signals,https://finance.yahoo.com/markets/stocks/articles/investment-story-himadri-speciality-chemical-091206406.html
HSCL,News discovery,Simply Wall St.,2026-05-12T04:33:12Z,How The Investment Story Is Shifting For Himadri Speciality Chemical (BSE:500184),https://finance.yahoo.com/markets/stocks/articles/investment-story-shifting-himadri-speciality-043312636.html
HSCL,News discovery,GuruFocus.com,2026-04-28T13:00:46Z,Himadri Speciality Chemical Ltd (BOM:500184) Q4 2026 Earnings Call Highlights: Strong Financial ...,https://finance.yahoo.com/markets/stocks/articles/himadri-speciality-chemical-ltd-bom-130046791.html
HSCL,News discovery,Simply Wall St.,2026-04-27T23:08:32Z,How The Himadri Speciality Chemical (BSE:500184) Narrative Is Evolving With AI Supply Chain Hopes,https://finance.yahoo.com/markets/stocks/articles/himadri-speciality-chemical-bse-500184-230832993.html
HSCL,News discovery,Simply Wall St.,2026-04-11T23:08:07Z,How The Himadri Speciality Chemical (BSE:500184) Story Is Evolving With A Steady ₹470 Target,https://finance.yahoo.com/markets/stocks/articles/himadri-speciality-chemical-bse-500184-230807170.html
HSCL,News discovery,Simply Wall St.,2026-03-13T19:11:23Z,How The Himadri Speciality Chemical (BSE:500184) Narrative Is Evolving With An Unchanged ₹470 Target,https://finance.yahoo.com/news/himadri-speciality-chemical-bse-500184-191123451.html
HSCL,News discovery,Simply Wall St.,2026-02-27T13:12:05Z,How The Himadri Speciality Chemical (BSE:500184) Narrative Is Shifting Around A Steady ₹470 Target,https://finance.yahoo.com/news/himadri-speciality-chemical-bse-500184-131205751.html
ADANIENSOL,News discovery,Energy Global,2026-08-26T15:00:00Z,AESL wins transmission project in Maharashtra,https://www.energyglobal.com/other-renewables/26082026/aesl-wins-transmission-project-in-maharashtra/?yptr=yahoo
ADANIENSOL,News discovery,Power Technology,2026-08-26T14:49:28Z,"Adani secures $492m transmission project in Maharashtra, India",https://www.power-technology.com/news/adani-492m-transmission-project-maharashtra-india/
ADANIENSOL,News discovery,Reuters,2026-08-26T03:39:46Z,Adani Energy Solutions wins $493 million transmission project in Maharashtra,https://sg.finance.yahoo.com/news/adani-energy-solutions-wins-493-033946103.html
ADANIENSOL,News discovery,Reuters,2026-08-13T03:00:04Z,"Four Indian stocks to be added, three removed from key global index in MSCI's August rejig",https://sg.finance.yahoo.com/news/four-indian-stocks-added-three-030004466.html
ADANIENSOL,News discovery,Reuters,2026-07-31T03:56:37Z,"India's Adani Energy plans another share sale by early next fiscal, sources say",https://sg.finance.yahoo.com/news/indias-adani-energy-plans-another-035637124.html
ADANIENSOL,News discovery,Power Technology,2026-07-27T09:38:26Z,Adani secures $881m Andhra Pradesh transmission project,https://www.power-technology.com/news/adani-881m-andhra-pradesh-transmission/
ADANIENSOL,News discovery,Reuters,2026-07-24T09:28:46Z,India's Adani Energy gets $880.8 million Andhra Pradesh transmission project,https://sg.finance.yahoo.com/news/indias-adani-energy-gets-880-092846969.html
ADANIENSOL,News discovery,GuruFocus.com,2026-07-23T01:00:39Z,Adani Energy Solutions Ltd (BOM:539254) Q1 2027 Earnings Call Highlights: Strategic Growth in ...,https://finance.yahoo.com/energy/articles/adani-energy-solutions-ltd-bom-010039730.html
BANKINDIA,News discovery,GuruFocus.com,2026-07-28T01:02:51Z,Bank of India (BOM:532149) Q1 2027 Earnings Call Highlights: Strong Profit Growth Amidst ...,https://finance.yahoo.com/markets/stocks/articles/bank-india-bom-532149-q1-010251497.html
BANKINDIA,News discovery,Reuters,2026-07-27T03:16:08Z,"India's UltraTech Cement plans its biggest rupee debt funding, bankers say",https://sg.finance.yahoo.com/news/indias-ultratech-cement-plans-biggest-031608190.html
BANKINDIA,News discovery,Reuters,2026-06-10T06:25:13Z,"Rupee gains as RBI intervention, optimism over inflows blunt NDF drag",https://sg.finance.yahoo.com/news/rupee-likely-dip-weak-risk-025035277.html
BANKINDIA,News discovery,TheStreet,2026-05-18T18:53:08Z,Standard Chartered eyes major acquisition,https://www.thestreet.com/crypto/markets/standard-chartered-eyes-major-acquisition
BANKINDIA,News discovery,Reuters,2026-05-12T09:10:43Z,India's state-owned EXIM Bank plans $10.5 billion debt fundraise in fiscal 2027,https://sg.finance.yahoo.com/news/indias-state-owned-exim-bank-075402737.html
BANKINDIA,News discovery,Reuters,2026-04-08T12:11:02Z,India's central bank proposes to ease banks' capital adequacy needs,https://sg.finance.yahoo.com/news/indias-central-bank-proposes-ease-061621535.html
BANKINDIA,News discovery,Reuters,2026-03-23T12:01:10Z,"India forex reserves adequate to cushion against external shocks, cenbank report says",https://sg.finance.yahoo.com/news/india-forex-reserves-adequate-cushion-120110382.html
BANKINDIA,News discovery,Reuters,2026-02-14T16:27:03Z,Indian lender Manappuram gets RBI nod for Bain Capital to take joint control,https://sg.finance.yahoo.com/news/indian-lender-manappuram-gets-rbi-162703501.html
SUNPHARMA,News discovery,Zacks,2026-09-07T15:15:00Z,Here's How Trump's Drug Deals Are Likely to Impact Healthcare ETFs,https://finance.yahoo.com/healthcare/articles/heres-trumps-drug-deals-likely-151500696.html
SUNPHARMA,News discovery,Benzinga,2026-09-02T22:00:07Z,"Trump Expands Drug Pricing Deals With 9 Pharma Companies, Bringing Total to 26 — RFK Jr. Details 'Very, Very Emotional' Conversations With President",https://finance.yahoo.com/healthcare/articles/trump-expands-drug-pricing-deals-220007792.html
SUNPHARMA,News discovery,Zacks,2026-09-01T16:35:00Z,"Trump's MFN Push Goes Beyond Big Pharma, Adds 9 Mid-Sized Drugmakers",https://finance.yahoo.com/healthcare/articles/trumps-mfn-push-goes-beyond-163500680.html
SUNPHARMA,News discovery,BioPharma Dive,2026-09-01T12:14:00Z,Mid-cap biotechs join Trump’s latest round of drug pricing deals,https://www.biopharmadive.com/news/medicaid-low-price-model-drugmakers-white-house/829282/
SUNPHARMA,News discovery,Pharmaceutical Technology,2026-09-01T12:05:16Z,Trump lines up MFN deals with nine mid-size pharmas on drug pricing push,https://www.pharmaceutical-technology.com/news/trump-mfn-drug-pricing-deal-mid-sized-pharma/
SUNPHARMA,News discovery,Stocktwits,2026-08-31T22:43:59Z,$19.6B Infusion In US Plants With Lower Drug Prices: White House’s Deal With Mid-size Drugmakers,https://stocktwits.com/news-articles/markets/equity/19-6-b-infusion-in-us-plants-with-lower-drug-prices-white-house-s-deal-with-mid-size-drugmakers/cZYz7nNRJtG
SUNPHARMA,News discovery,Bloomberg,2026-08-31T19:34:21Z,Trump Strikes Medicaid Drug Price Deals With Nine Pharma Firms,https://finance.yahoo.com/healthcare/articles/trump-strikes-medicaid-drug-price-193421815.html
SUNPHARMA,News discovery,Reuters,2026-07-31T10:02:57Z,Sun Pharma's quarterly profit jumps on strength in specialty medicines,https://finance.yahoo.com/healthcare/articles/indias-sun-pharma-posts-higher-090749675.html
RRKABEL,News discovery,GuruFocus.com,2026-07-29T01:01:53Z,R R Kabel Ltd (BOM:543981) Q1 2027 Earnings Call Highlights: Record Revenue and Profit Surge ...,https://finance.yahoo.com/markets/stocks/articles/r-r-kabel-ltd-bom-010153183.html
RRKABEL,News discovery,GuruFocus.com,2026-05-01T19:00:47Z,R R Kabel Ltd (BOM:543981) Q4 2026 Earnings Call Highlights: Record Revenue and Strategic ...,https://finance.yahoo.com/markets/stocks/articles/r-r-kabel-ltd-bom-190047581.html
RRKABEL,News discovery,Reuters,2026-02-10T12:58:20Z,"Indian wire maker R R Kabel expects trade deal bump to volumes, executive says",https://sg.finance.yahoo.com/news/indian-wire-maker-r-r-125820860.html
RRKABEL,News discovery,GuruFocus.com,2026-02-04T01:02:54Z,R R Kabel Ltd (BOM:543981) Q3 2026 Earnings Call Highlights: Record Revenue and Profit Growth ...,https://finance.yahoo.com/news/r-r-kabel-ltd-bom-010254524.html
RRKABEL,News discovery,GuruFocus.com,2025-11-04T05:05:12Z,R R Kabel Ltd (BOM:543981) Q2 2026 Earnings Call Highlights: Robust Growth Amid Market Challenges,https://finance.yahoo.com/news/r-r-kabel-ltd-bom-050512577.html
RRKABEL,News discovery,Reuters,2025-11-03T11:15:24Z,India's R R Kabel maintains fiscal 2026 volume outlook as export shift pays off,https://sg.finance.yahoo.com/news/indias-r-r-kabel-maintains-111524672.html
RRKABEL,News discovery,Reuters,2025-10-31T14:32:47Z,"India's R R Kabel profit surges on strong demand for wires, cables",https://sg.finance.yahoo.com/news/indias-r-r-kabel-profit-143247679.html
AIAENG,News discovery,GuruFocus.com,2026-08-13T01:12:20Z,AIA Engineering Ltd (BOM:532683) (Q1 2027) Earnings Call Highlights: Record Volumes and ...,https://finance.yahoo.com/markets/stocks/articles/aia-engineering-ltd-bom-532683-011220585.html
AIAENG,News discovery,GuruFocus.com,2026-05-29T01:02:14Z,AIA Engineering Ltd (BOM:532683) Q4 2026 Earnings Call Highlights: Record Profits Amidst Global ...,https://finance.yahoo.com/markets/stocks/articles/aia-engineering-ltd-bom-532683-010214123.html
AIAENG,News discovery,GuruFocus.com,2026-01-30T17:00:45Z,AIA Engineering Ltd (BOM:532683) Q3 2026 Earnings Call Highlights: Strong EBITDA Margin Amid ...,https://finance.yahoo.com/news/aia-engineering-ltd-bom-532683-170045095.html
GESHIP,News discovery,GuruFocus.com,2026-08-06T01:03:41Z,Great Eastern Shipping Co Ltd (BOM:500620) (Q1 2027) Earnings Call Highlights: Record Profit ...,https://finance.yahoo.com/markets/stocks/articles/great-eastern-shipping-co-ltd-010341033.html
GESHIP,News discovery,GuruFocus.com,2026-02-06T01:00:36Z,Great Eastern Shipping Co Ltd (BOM:500620) Q3 2026 Earnings Call Highlights: Strong Profits and ...,https://finance.yahoo.com/news/great-eastern-shipping-co-ltd-010036146.html
GESHIP,News discovery,GuruFocus.com,2025-11-11T09:01:14Z,Great Eastern Shipping Co Ltd (BOM:500620) Q2 2026 Earnings Call Highlights: Strong ...,https://finance.yahoo.com/news/great-eastern-shipping-co-ltd-090114643.html
NAVINFLUOR,News discovery,GuruFocus.com,2026-08-07T03:01:13Z,Navin Fluorine International Ltd (BOM:532504) (Q1 2027) Earnings Call Highlights: Record ...,https://finance.yahoo.com/markets/stocks/articles/navin-fluorine-international-ltd-bom-030113569.html
NAVINFLUOR,News discovery,GuruFocus.com,2026-02-09T19:00:28Z,Navin Fluorine International Ltd (BOM:532504) Q3 2026 Earnings Call Highlights: Strong ...,https://finance.yahoo.com/news/navin-fluorine-international-ltd-bom-190028934.html
ANANDRATHI,News discovery,GuruFocus.com,2026-07-10T19:00:15Z,Anand Rathi Wealth Ltd (BOM:543415) Q1 2027 Earnings Call Highlights: Strong Profit Growth and ...,https://finance.yahoo.com/markets/stocks/articles/anand-rathi-wealth-ltd-bom-190015645.html
ANANDRATHI,News discovery,GuruFocus.com,2026-04-14T03:00:22Z,Anand Rathi Wealth Ltd (BOM:543415) Q4 2026 Earnings Call Highlights: Record AUM and Strategic ...,https://finance.yahoo.com/markets/stocks/articles/anand-rathi-wealth-ltd-bom-030022084.html
ANANDRATHI,News discovery,GuruFocus.com,2026-01-13T15:01:08Z,Anand Rathi Wealth Ltd (BOM:543415) Q3 2026 Earnings Call Highlights: Record Profit Growth and ...,https://finance.yahoo.com/news/anand-rathi-wealth-ltd-bom-150108698.html
ANANDRATHI,News discovery,Reuters,2025-10-31T14:32:47Z,"India's R R Kabel profit surges on strong demand for wires, cables",https://sg.finance.yahoo.com/news/indias-r-r-kabel-profit-143247679.html
BIOCON,News discovery,Simply Wall St.,2026-09-20T05:13:21Z,Biocon (NSEI:BIOCON) Stock Gets Fair Value Bump As Analysts Weigh Execution And Earnings Visibility,https://finance.yahoo.com/markets/stocks/articles/biocon-nsei-biocon-stock-gets-051321393.html
BIOCON,News discovery,Simply Wall St.,2026-09-18T17:14:48Z,3 India Pharma Exporter Stocks Facing Fresh US Tariff Pressure,https://finance.yahoo.com/healthcare/articles/3-india-pharma-exporter-stocks-171448779.html
BIOCON,News discovery,Simply Wall St.,2026-08-09T09:10:21Z,Biocon (NSEI:BIOCON) Stock Gets Fair Value Bump On Margin Focus And Peer Valuation Cues,https://finance.yahoo.com/markets/stocks/articles/biocon-nsei-biocon-stock-gets-091021182.html
BIOCON,News discovery,GuruFocus.com,2026-08-06T13:00:30Z,Biocon Ltd (BOM:532523) (Q1 2027) Earnings Call Highlights: Biosimilars Surge 16% as Net Profit ...,https://finance.yahoo.com/healthcare/articles/biocon-ltd-bom-532523-q1-130030936.html
BIOCON,News discovery,Reuters,2026-07-13T14:09:02Z,"Mylan to sell up to $363 million stake in India's Biocon, term sheet shows",https://sg.finance.yahoo.com/news/mylan-sell-363-million-stake-134327602.html
BIOCON,News discovery,GuruFocus.com,2026-05-09T07:00:31Z,Biocon Ltd (BOM:532523) Full Year 2026 Earnings Call Highlights: Strong Biosimilars Growth and ...,https://finance.yahoo.com/sectors/healthcare/articles/biocon-ltd-bom-532523-full-070031979.html
BIOCON,News discovery,Simply Wall St.,2026-05-04T18:12:38Z,How The Biocon (NSEI:BIOCON) Story Is Shifting As Analysts Recut Growth And Risk Assumptions,https://finance.yahoo.com/markets/stocks/articles/biocon-nsei-biocon-story-shifting-181238226.html
BIOCON,News discovery,GuruFocus.com,2026-02-13T11:00:43Z,Biocon Ltd (BOM:532523) Q3 2026 Earnings Call Highlights: Strong Revenue Growth Amidst ...,https://finance.yahoo.com/news/biocon-ltd-bom-532523-q3-110043995.html
UNIONBANK,News discovery,GuruFocus.com,2026-07-17T01:01:32Z,Union Bank of India (BOM:532477) Q1 2027 Earnings Call Highlights: Record Profit and Strategic ...,https://finance.yahoo.com/markets/stocks/articles/union-bank-india-bom-532477-010132956.html
UNIONBANK,News discovery,GuruFocus.com,2026-04-24T11:00:36Z,Union Bank of India (BOM:532477) Q4 2026 Earnings Call Highlights: Strong Profitability Amidst ...,https://finance.yahoo.com/markets/stocks/articles/union-bank-india-bom-532477-110036220.html
UNIONBANK,News discovery,Life Insurance International,2026-03-18T08:14:47Z,BNP Paribas Cardif reportedly in talks to acquire 26% stake in IndiaFirst Life,https://www.lifeinsuranceinternational.com/news/bnp-paribas-talks-acquire-indiafirst-life/
UNIONBANK,News discovery,GuruFocus.com,2026-01-15T01:00:27Z,Union Bank of India (BOM:532477) Q3 2026 Earnings Call Highlights: Strong Profit Growth Amidst ...,https://finance.yahoo.com/news/union-bank-india-bom-532477-010027397.html
UNIONBANK,News discovery,Reuters,2025-12-09T11:35:25Z,"India's federal investigator files new cases against Reliance Home Finance, Reliance Commercial",https://sg.finance.yahoo.com/news/indias-federal-investigator-files-cases-113525242.html
MCX,News discovery,GuruFocus.com,2026-08-07T01:04:23Z,Multi Commodity Exchange of India Ltd (BOM:534091) (Q1 2027) Earnings Call Highlights: Record ...,https://finance.yahoo.com/markets/commodities/articles/multi-commodity-exchange-india-ltd-010423555.html
MCX,News discovery,Reuters,2026-05-13T06:22:59Z,"Four Indian stocks added, four excluded from key global index in MSCI's May rejig",https://sg.finance.yahoo.com/news/four-indian-stocks-added-four-062259757.html
MCX,News discovery,GuruFocus.com,2026-01-27T17:00:40Z,Multi Commodity Exchange of India Ltd (BOM:534091) Q3 2026 Earnings Call Highlights: Record ...,https://finance.yahoo.com/news/multi-commodity-exchange-india-ltd-170040475.html
SOLARINDS,News discovery,GuruFocus.com,2026-05-19T01:03:18Z,Solar Industries India Ltd (BOM:532725) Q4 2026 Earnings Call Highlights: Record Revenue and ...,https://finance.yahoo.com/sectors/energy/articles/solar-industries-india-ltd-bom-010318876.html
SOLARINDS,News discovery,GuruFocus.com,2026-02-06T01:01:18Z,Solar Industries India Ltd (BOM:532725) Q3 2026 Earnings Call Highlights: Record Growth in ...,https://finance.yahoo.com/news/solar-industries-india-ltd-bom-010118578.html
SONACOMS,News discovery,GuruFocus.com,2026-07-25T01:02:33Z,Sona BLW Precision Forgings Ltd (BOM:543300) Q1 2027 Earnings Call Highlights: Record Revenue ...,https://finance.yahoo.com/markets/stocks/articles/sona-blw-precision-forgings-ltd-010233578.html
SONACOMS,News discovery,Just Auto,2026-07-24T17:09:19Z,Sona Comstar and Denso team up on powertrain systems in India,https://www.just-auto.com/news/sona-comstar-denso-powertrain-systems-india/
SONACOMS,News discovery,GuruFocus.com,2026-01-23T17:00:52Z,Sona BLW Precision Forgings Ltd (BOM:543300) Q3 2026 Earnings Call Highlights: Record Revenue ...,https://finance.yahoo.com/news/sona-blw-precision-forgings-ltd-170052954.html
APARINDS,News discovery,GuruFocus.com,2026-07-24T19:01:24Z,Apar Industries Ltd (BOM:532259) Q1 2027 Earnings Call Highlights: Record Profits Amidst Market ...,https://finance.yahoo.com/markets/stocks/articles/apar-industries-ltd-bom-532259-190124793.html
APARINDS,News discovery,GuruFocus.com,2026-05-29T01:02:53Z,Apar Industries Ltd (BOM:532259) Q4 2026 Earnings Call Highlights: Record Revenue and Strategic ...,https://finance.yahoo.com/markets/stocks/articles/apar-industries-ltd-bom-532259-010253643.html
APARINDS,News discovery,GuruFocus.com,2026-01-29T19:04:49Z,Apar Industries Ltd (BOM:532259) Q3 2026 Earnings Call Highlights: Strong Domestic Growth Amid ...,https://finance.yahoo.com/news/apar-industries-ltd-bom-532259-190449805.html
MAHABANK,News discovery,GuruFocus.com,2026-07-10T19:00:40Z,Bank of Maharashtra (BOM:532525) Q1 2027 Earnings Call Highlights: Strong Growth Amidst Margin ...,https://finance.yahoo.com/markets/stocks/articles/bank-maharashtra-bom-532525-q1-190040244.html
MAHABANK,News discovery,GuruFocus.com,2026-04-21T07:00:44Z,Bank of Maharashtra (BOM:532525) Q4 2026 Earnings Call Highlights: Robust Growth and Strategic ...,https://finance.yahoo.com/markets/stocks/articles/bank-maharashtra-bom-532525-q4-070044269.html
MAHABANK,News discovery,Reuters,2026-03-12T14:31:30Z,Indian financial crimes agency freezes Anil Ambani Group properties worth $63 million,https://sg.finance.yahoo.com/news/indian-financial-crimes-agency-freezes-143130208.html
MAHABANK,News discovery,GuruFocus.com,2026-01-16T01:01:10Z,Bank of Maharashtra (BOM:532525) Q3 2026 Earnings Call Highlights: Record Profits and Robust ...,https://finance.yahoo.com/news/bank-maharashtra-bom-532525-q3-010110996.html
MAHABANK,News discovery,Reuters,2025-12-09T11:35:25Z,"India's federal investigator files new cases against Reliance Home Finance, Reliance Commercial",https://sg.finance.yahoo.com/news/indias-federal-investigator-files-cases-113525242.html
MAHABANK,News discovery,Reuters,2025-12-01T13:13:11Z,India to sell up to 6% stake in Bank of Maharashtra,https://sg.finance.yahoo.com/news/india-sell-6-stake-bank-131311073.html
MAHABANK,News discovery,Retail Banker International,2025-10-16T11:08:44Z,India targets streamlined banking sector with planned PSB mergers– report,https://www.retailbankerinternational.com/news/indian-psb-mergers/
BSE,News discovery,Reuters,2026-06-17T19:21:46Z,India's largest bourse NSE files for IPO after years of regulatory delays,https://sg.finance.yahoo.com/news/indias-largest-bourse-nse-files-164153196.html
BSE,News discovery,Reuters,2026-04-28T07:41:21Z,"Exclusive-Temasek, LIC, Canadian pension fund in line-up to sell stakes in India's NSE IPO, sources say",https://sg.finance.yahoo.com/news/exclusive-temasek-lic-canadian-pension-074121171.html
BSE,News discovery,GuruFocus.com,2026-02-09T21:00:52Z,BSE Ltd (NSE:BSE) Q3 2026 Earnings Call Highlights: Record Revenue Growth and Strategic Milestones,https://finance.yahoo.com/news/bse-ltd-nse-bse-q3-210052904.html
BSE,News discovery,Reuters,2025-11-04T21:01:40Z,India's NSE sets aside 13 billion rupees to settle pending regulatory cases,https://sg.finance.yahoo.com/news/indias-nse-sets-aside-13-210140444.html
ASTERDM,News discovery,Simply Wall St.,2026-05-21T16:14:27Z,How The Aster DM Healthcare (NSEI:ASTERDM) Narrative Is Shifting With New Valuation Assumptions,https://finance.yahoo.com/markets/stocks/articles/aster-dm-healthcare-nsei-asterdm-161427194.html
ASTERDM,News discovery,GuruFocus.com,2026-02-10T01:01:54Z,Aster DM Healthcare Ltd (BOM:540975) Q3 2026 Earnings Call Highlights: Robust Revenue Growth ...,https://finance.yahoo.com/news/aster-dm-healthcare-ltd-bom-010154314.html
GRANULES,News discovery,GuruFocus.com,2026-01-23T19:01:52Z,Granules India Ltd (BOM:532482) Q3 2026 Earnings Call Highlights: Strong Revenue Growth and ...,https://finance.yahoo.com/news/granules-india-ltd-bom-532482-190152786.html
GRANULES,News discovery,Reuters,2026-01-23T12:01:51Z,"Granules India quarterly profit jumps on strong demand in North America, Europe",https://finance.yahoo.com/news/granules-india-quarterly-profit-jumps-120151064.html
GRANULES,News discovery,GuruFocus.com,2025-11-20T01:04:40Z,Granules India Ltd (BOM:532482) Q2 2026 Earnings Call Highlights: Robust Revenue Growth Amid ...,https://finance.yahoo.com/news/granules-india-ltd-bom-532482-010440020.html
GRANULES,News discovery,Reuters,2025-11-13T08:47:27Z,"Granules India posts higher quarterly profit on strong North America, Europe sales",https://sg.finance.yahoo.com/news/granules-india-posts-higher-quarterly-084727982.html
BAJAJ-AUTO,News discovery,Reuters,2026-08-06T06:27:24Z,Bain Capital-backed Dhoot Transmission bets on India EV shift to drive growth,https://sg.finance.yahoo.com/news/bain-capital-backed-dhoot-transmission-062724717.html
BAJAJ-AUTO,News discovery,TechCrunch,2026-08-05T11:26:00Z,"Indian EV startup River raises $120M Series C to scale production, launch more models",https://finance.yahoo.com/technology/articles/indian-ev-startup-river-raises-112600641.html
BAJAJ-AUTO,News discovery,GuruFocus.com,2026-07-21T21:01:18Z,Bajaj Auto Ltd (BOM:532977) Q1 2027 Earnings Call Highlights: Record Growth and Strategic Expansions,https://finance.yahoo.com/markets/stocks/articles/bajaj-auto-ltd-bom-532977-210118558.html
BAJAJ-AUTO,News discovery,Reuters,2026-07-21T14:17:19Z,"India's Bajaj Auto deepens EV push with motorcycle plans, Chetak expansion",https://sg.finance.yahoo.com/news/indias-bajaj-auto-posts-quarterly-072212521.html
BAJAJ-AUTO,News discovery,Reuters,2026-07-14T15:07:51Z,India's Hero MotoCorp to invest about $104 million in Ather Energy,https://sg.finance.yahoo.com/news/indias-hero-motocorp-invest-104-144812921.html
BAJAJ-AUTO,News discovery,Reuters,2026-06-18T13:33:12Z,"Bajaj Auto Credit accepts bids for 3-year bonds, bankers say",https://sg.finance.yahoo.com/news/bajaj-auto-credit-accepts-bids-133312366.html
BAJAJ-AUTO,News discovery,Reuters,2026-05-22T11:51:23Z,India's Eicher Motors beats quarterly profit estimates on strong sales,https://sg.finance.yahoo.com/news/indias-eicher-motors-beats-quarterly-112926485.html
BAJAJ-AUTO,News discovery,Reuters,2026-02-06T08:08:56Z,Indian tyre maker MRF's quarterly profit more than doubles on higher demand,https://sg.finance.yahoo.com/news/indian-tyre-maker-mrfs-quarterly-080856040.html
SYRMA,News discovery,GuruFocus.com,2026-08-01T01:00:53Z,Syrma SGS Technology Ltd (BOM:543573) (Q1 2027) Earnings Call Highlights: Revenue Surges 67% as ...,https://finance.yahoo.com/markets/stocks/articles/syrma-sgs-technology-ltd-bom-010053099.html
SYRMA,News discovery,GuruFocus.com,2026-05-14T01:02:32Z,Syrma SGS Technology Ltd (BOM:543573) Q4 2026 Earnings Call Highlights: Strong Revenue Growth ...,https://finance.yahoo.com/markets/stocks/articles/syrma-sgs-technology-ltd-bom-010232917.html
SYRMA,News discovery,GuruFocus.com,2026-02-03T01:02:55Z,Syrma SGS Technology Ltd (BOM:543573) Q3 2026 Earnings Call Highlights: Record Revenue and ...,https://finance.yahoo.com/news/syrma-sgs-technology-ltd-bom-010255425.html
SYRMA,News discovery,GuruFocus.com,2025-11-12T13:00:42Z,Syrma SGS Technology Ltd (BOM:543573) Q2 2026 Earnings Call Highlights: Strong Revenue Growth ...,https://finance.yahoo.com/news/syrma-sgs-technology-ltd-bom-130042330.html
NUVAMA,News discovery,GuruFocus.com,2026-08-04T01:06:39Z,Nuvama Wealth Management Ltd (BOM:543988) (Q1 2027) Earnings Call Highlights: Record PAT and ...,https://finance.yahoo.com/markets/stocks/articles/nuvama-wealth-management-ltd-bom-010639042.html
NUVAMA,News discovery,Private Banker International,2026-06-30T11:47:27Z,General Atlantic in talks to buy PAG’s stake in Nuvama Wealth – report,https://www.privatebankerinternational.com/news/general-atlantic-nuvama-wealth-stake/
NUVAMA,News discovery,Private Banker International,2026-06-22T11:58:19Z,PAG weighs restart on Nuvama Wealth stake sale – report,https://www.privatebankerinternational.com/news/pag-restart-nuvama-wealth-stake-sale/
NUVAMA,News discovery,GuruFocus.com,2026-05-12T19:00:21Z,Nuvama Wealth Management Ltd (BOM:543988) Full Year 2026 Earnings Call Highlights: Strong ...,https://finance.yahoo.com/markets/stocks/articles/nuvama-wealth-management-ltd-bom-190021834.html
TITAN,News discovery,GuruFocus.com,2026-08-07T21:02:42Z,Titan Co Ltd (BOM:500114) (Q1 FY27) Earnings Call Highlights: Strong Growth Amidst Customs Duty ...,https://finance.yahoo.com/markets/stocks/articles/titan-co-ltd-bom-500114-210242343.html
TITAN,News discovery,BeInCrypto,2026-05-11T11:42:19Z,India Jewelry Stocks Lose 12% as Modi Targets $72 Billion In Gold Imports,https://beincrypto.com/india-jewelry-stocks-modi-gold-pause/
TITAN,News discovery,Reuters,2026-04-08T04:25:14Z,India's Titan hits record high on strong fourth-quarter sales,https://sg.finance.yahoo.com/news/indias-titan-hits-record-high-041707425.html
TITAN,News discovery,GuruFocus.com,2026-02-11T09:00:32Z,Titan Co Ltd (BOM:500114) Q3 2026 Earnings Call Highlights: Strategic Acquisitions and Market ...,https://finance.yahoo.com/news/titan-co-ltd-bom-500114-090032060.html
TITAN,News discovery,Reuters,2026-01-07T06:52:13Z,Indian jewellers' stocks shine on strong festive-quarter sales; Titan hits record high,https://sg.finance.yahoo.com/news/indian-jewellers-stocks-shine-strong-065213020.html
TITAN,News discovery,Reuters,2026-01-06T15:53:33Z,"India's Titan logs quarterly sales surge on gold price rally, festive demand",https://sg.finance.yahoo.com/news/indias-titan-logs-quarterly-sales-155333501.html
TITAN,News discovery,GuruFocus.com,2025-11-04T17:00:36Z,Titan Co Ltd (BOM:500114) Q2 2026 Earnings Call Highlights: Strong Festive Sales and Strategic ...,https://finance.yahoo.com/news/titan-co-ltd-bom-500114-170036939.html
TITAN,News discovery,Reuters,2025-11-04T10:13:20Z,Indian shares drop as broader profit booking dampens earnings optimism,https://sg.finance.yahoo.com/news/indian-shares-drop-broader-profit-101320759.html
NYKAA,News discovery,GuruFocus.com,2026-08-04T19:03:30Z,FSN E-Commerce Ventures Ltd (BOM:543384) (Q1 2027) Earnings Call Highlights: GMV Surges 34% and ...,https://finance.yahoo.com/markets/stocks/articles/fsn-e-commerce-ventures-ltd-190330181.html
NYKAA,News discovery,Reuters,2026-08-04T10:54:51Z,"India's Nykaa posts higher quarterly profit on strong beauty demand, fashion growth",https://sg.finance.yahoo.com/news/indias-nykaa-posts-higher-quarterly-105146810.html
NYKAA,News discovery,GuruFocus.com,2026-05-25T01:00:23Z,FSN E-Commerce Ventures Ltd (BOM:543384) Full Year 2026 Earnings Call Highlights: Record ...,https://finance.yahoo.com/markets/stocks/articles/fsn-e-commerce-ventures-ltd-010023898.html
NYKAA,News discovery,Reuters,2026-05-21T11:07:26Z,India's Nykaa posts profit surge on strong demand for beauty products,https://sg.finance.yahoo.com/news/indias-nykaa-posts-profit-surge-104957623.html
NYKAA,News discovery,Retail Insight Network,2026-04-08T11:10:49Z,Nykaa confirms talks to acquire stake in skincare brand 82°E,https://www.retail-insight-network.com/news/nykaa-confirms-talks-acquire-82e/
NYKAA,News discovery,GuruFocus.com,2026-02-05T19:01:59Z,FSN E-Commerce Ventures Ltd (BOM:543384) Q3 2026 Earnings Call Highlights: Record Growth and ...,https://finance.yahoo.com/news/fsn-e-commerce-ventures-ltd-190159703.html
NYKAA,News discovery,Reuters,2026-02-05T10:49:30Z,Nykaa's profit more than doubles amid beauty demand surge in India,https://sg.finance.yahoo.com/news/nykaas-profit-more-doubles-amid-104930010.html
NYKAA,News discovery,Reuters,2025-11-07T11:11:37Z,Indian beauty retailer Nykaa posts more than three-fold profit jump on robust makeup demand,https://sg.finance.yahoo.com/news/indian-beauty-retailer-nykaa-posts-111137060.html
AUBANK,News discovery,Retail Banker International,2026-09-11T11:57:15Z,ICICI Prudential AMC gets clearance to buy up to 9.95% of four lenders,https://www.retailbankerinternational.com/news/icici-prudential-amc-gets-clearance-to-buy-up-to-9-95-of-four-lenders/
AUBANK,News discovery,Investing.com,2026-08-29T02:31:53Z,Indian bank stocks show widest exchange price gap in decades,https://finance.yahoo.com/markets/stocks/articles/indian-bank-stocks-show-widest-023153299.html
AUBANK,News discovery,Reuters,2026-07-27T10:07:56Z,"Indian shares snap losing run on oil slide, earnings optimism",https://sg.finance.yahoo.com/news/indian-shares-rise-oil-prices-042629130.html
AUBANK,News discovery,GuruFocus.com,2026-07-27T03:00:21Z,AU Small Finance Bank Ltd (NSE:AUBANK) Q1 2027 Earnings Call Highlights: Strong Profit and Loan ...,https://finance.yahoo.com/markets/stocks/articles/au-small-finance-bank-ltd-030021398.html
AUBANK,News discovery,Reuters,2026-06-10T08:54:38Z,Some lenders hike rates on FX deposits for non-resident Indians,https://sg.finance.yahoo.com/news/lenders-hike-rates-fx-deposits-085438797.html
AUBANK,News discovery,GuruFocus.com,2026-04-28T07:02:41Z,AU Small Finance Bank Ltd (NSE:AUBANK) Q4 2026 Earnings Call Highlights: Robust Profit Growth ...,https://finance.yahoo.com/markets/stocks/articles/au-small-finance-bank-ltd-070241386.html
AUBANK,News discovery,GuruFocus.com,2026-01-26T01:00:50Z,AU Small Finance Bank Ltd (NSE:AUBANK) Q3 2026 Earnings Call Highlights: Robust Growth in ...,https://finance.yahoo.com/news/au-small-finance-bank-ltd-010050419.html
AUBANK,News discovery,GuruFocus.com,2025-10-17T19:02:59Z,AU Small Finance Bank Ltd (NSE:AUBANK) Q2 2026 Earnings Call Highlights: Strong Growth in ...,https://finance.yahoo.com/news/au-small-finance-bank-ltd-190259607.html
RADICO,News discovery,GuruFocus.com,2026-07-29T21:03:56Z,Radico Khaitan Ltd (BOM:532497) Q1 2027 Earnings Call Highlights: Record Volumes and Strategic ...,https://finance.yahoo.com/markets/stocks/articles/radico-khaitan-ltd-bom-532497-210356639.html
RADICO,News discovery,Reuters,2026-07-28T09:32:42Z,India's Radico Khaitan quarterly profit jumps as gross margins expand on premium demand,https://sg.finance.yahoo.com/news/indias-radico-khaitan-quarterly-profit-093242605.html
RADICO,News discovery,Reuters,2026-05-15T11:41:50Z,India's Officer's Choice whiskey maker bets on premium spirits despite war-linked inflation worries,https://sg.finance.yahoo.com/news/indias-officers-choice-whiskey-maker-114150079.html
RADICO,News discovery,GuruFocus.com,2026-01-23T17:00:53Z,Radico Khaitan Ltd (BOM:532497) Q3 2026 Earnings Call Highlights: Record Performance and ...,https://finance.yahoo.com/news/radico-khaitan-ltd-bom-532497-170053780.html
RADICO,News discovery,Reuters,2026-01-23T06:21:43Z,"India's Radico Khaitan bets on pricey liquor, forecasts revenue above estimates",https://sg.finance.yahoo.com/news/indias-radico-khaitan-bets-pricey-062143846.html
RADICO,News discovery,Reuters,2026-01-22T09:13:53Z,India's Radico Khaitan posts quarterly profit jump on demand for premium liquor,https://sg.finance.yahoo.com/news/indias-radico-khaitan-posts-quarterly-091353044.html
RADICO,News discovery,Reuters,2025-10-29T09:36:44Z,India's Radico Khaitan reports sharp rise in second quarter profit as affordable liqor demand surges,https://sg.finance.yahoo.com/news/indias-radico-khaitan-reports-sharp-093644090.html
RADICO,News discovery,Just Drinks,2025-10-13T13:34:12Z,Radico Khaitan wins interim relief in Kashmyr trademark battle,https://www.just-drinks.com/news/radico-khaitan-wins-interim-relief-in-kashmyr-trademark-battle/
KIRLOSENG,News discovery,Simply Wall St.,2026-09-05T02:13:56Z,Kirloskar Oil Engines And 2 Other Indian Nuclear Power Stocks,https://finance.yahoo.com/energy/articles/kirloskar-oil-engines-2-other-021356934.html
KIRLOSENG,News discovery,GuruFocus.com,2026-08-11T01:05:28Z,Kirloskar Oil Engines Ltd (BOM:533293) (Q1 2027) Earnings Call Highlights: Record Data Center ...,https://finance.yahoo.com/markets/stocks/articles/kirloskar-oil-engines-ltd-bom-010528800.html
KIRLOSENG,News discovery,GuruFocus.com,2026-05-22T01:01:20Z,Kirloskar Oil Engines Ltd (BOM:533293) Q4 2026 Earnings Call Highlights: Record Growth and ...,https://finance.yahoo.com/markets/stocks/articles/kirloskar-oil-engines-ltd-bom-010120599.html
KIRLOSENG,News discovery,GuruFocus.com,2026-02-18T01:02:28Z,Kirloskar Oil Engines Ltd (BOM:533293) Q3 2026 Earnings Call Highlights: Record Sales and ...,https://finance.yahoo.com/news/kirloskar-oil-engines-ltd-bom-010228032.html
KIRLOSENG,News discovery,GuruFocus.com,2025-11-12T17:02:31Z,Kirloskar Oil Engines Ltd (BOM:533293) Q2 2026 Earnings Call Highlights: Record Sales and ...,https://finance.yahoo.com/news/kirloskar-oil-engines-ltd-bom-170231547.html
WELCORP,News discovery,Reuters,2026-08-21T04:37:02Z,India's Welspun Corp wins record $1.8 billion pipe supply order; shares jump,https://sg.finance.yahoo.com/news/indias-welspun-corp-wins-record-025713276.html
WELCORP,News discovery,GuruFocus.com,2026-07-28T01:03:08Z,Welspun Corp Ltd (BOM:532144) Q1 2027 Earnings Call Highlights: Record EBITDA and Robust Order Book,https://finance.yahoo.com/markets/stocks/articles/welspun-corp-ltd-bom-532144-010308936.html
WELCORP,News discovery,GuruFocus.com,2026-06-09T01:00:16Z,Welspun Living Ltd (BOM:514162) Q4 2026 Earnings Call Highlights: Strong Branded Growth Amidst ...,https://finance.yahoo.com/markets/stocks/articles/welspun-living-ltd-bom-514162-010016106.html
WELCORP,News discovery,GuruFocus.com,2026-05-23T03:03:26Z,Welspun Corp Ltd (BOM:532144) Q4 2026 Earnings Call Highlights: Record Profits and Robust Order ...,https://finance.yahoo.com/markets/stocks/articles/welspun-corp-ltd-bom-532144-030326453.html
WELCORP,News discovery,Reuters,2026-02-12T09:51:44Z,Indian textile maker Welspun's profit nearly wiped out on US tariff-led slowdown,https://sg.finance.yahoo.com/news/indian-textile-maker-welspuns-profit-095144910.html
WELCORP,News discovery,GuruFocus.com,2026-02-04T01:03:07Z,Welspun Corp Ltd (BOM:532144) Q3 2026 Earnings Call Highlights: Record EBITDA and Robust Order ...,https://finance.yahoo.com/news/welspun-corp-ltd-bom-532144-010307927.html
KARURVYSYA,News discovery,GuruFocus.com,2026-07-20T21:00:45Z,Karur Vysya Bank Ltd (BOM:590003) Q1 2027 Earnings Call Highlights: Strong Growth in Net Profit ...,https://finance.yahoo.com/markets/stocks/articles/karur-vysya-bank-ltd-bom-210045811.html
KARURVYSYA,News discovery,GuruFocus.com,2026-05-08T15:00:25Z,Karur Vysya Bank Ltd (BOM:590003) Q4 2026 Earnings Call Highlights: Record Profit Growth Amid ...,https://finance.yahoo.com/markets/stocks/articles/karur-vysya-bank-ltd-bom-150025722.html
KARURVYSYA,News discovery,Retail Banker International,2026-02-13T12:44:42Z,RBI approves ICICI Group stake hike in eight banks,https://www.retailbankerinternational.com/news/icici-group-stake-hike-eight-banks/
KARURVYSYA,News discovery,GuruFocus.com,2026-01-23T19:00:41Z,Karur Vysya Bank Ltd (BOM:590003) Q3 2026 Earnings Call Highlights: Strong Profit Growth and ...,https://finance.yahoo.com/news/karur-vysya-bank-ltd-bom-190041427.html
KARURVYSYA,News discovery,Reuters,2025-10-15T04:43:10Z,India central bank's heavy hand returns to support rupee in replay of February defence,https://sg.finance.yahoo.com/news/india-central-banks-heavy-hand-044310946.html
VTL,News discovery,GuruFocus.com,2026-01-21T17:00:24Z,Vardhman Textiles Ltd (BOM:502986) Q3 2026 Earnings Call Highlights: Navigating Challenges with ...,https://finance.yahoo.com/news/vardhman-textiles-ltd-bom-502986-170024378.html
CUB,News discovery,GuruFocus.com,2026-07-30T01:03:28Z,City Union Bank Ltd (BOM:532210) (Q1 2027) Earnings Call Highlights: Record Profit and Strong ...,https://finance.yahoo.com/markets/stocks/articles/city-union-bank-ltd-bom-010328745.html
CUB,News discovery,GuruFocus.com,2026-04-28T07:03:14Z,City Union Bank Ltd (BOM:532210) Q4 2026 Earnings Call Highlights: Robust Growth and Strategic ...,https://finance.yahoo.com/markets/stocks/articles/city-union-bank-ltd-bom-070314494.html
CUB,News discovery,Retail Banker International,2026-02-13T12:44:42Z,RBI approves ICICI Group stake hike in eight banks,https://www.retailbankerinternational.com/news/icici-group-stake-hike-eight-banks/
CUB,News discovery,GuruFocus.com,2026-02-04T01:04:23Z,City Union Bank Ltd (BOM:532210) Q3 2026 Earnings Call Highlights: Record Net Worth and Robust ...,https://finance.yahoo.com/news/city-union-bank-ltd-bom-010423116.html
CUB,News discovery,GuruFocus.com,2025-11-03T19:00:52Z,City Union Bank Ltd (BOM:532210) Q2 2026 Earnings Call Highlights: Record Growth in Advances ...,https://finance.yahoo.com/news/city-union-bank-ltd-bom-190052243.html
NESTLEIND,News discovery,Reuters,2026-08-04T10:56:04Z,India's Marico beats quarterly profit view as Parachute oil maker sees strong demand,https://sg.finance.yahoo.com/news/indias-marico-beats-quarterly-profit-102018468.html
NESTLEIND,News discovery,Reuters,2026-07-24T15:49:21Z,India's Tata Consumer warns of more price hikes if costs stay volatile,https://sg.finance.yahoo.com/news/indias-tata-consumer-products-beats-103621063.html
NESTLEIND,News discovery,Reuters,2026-07-22T07:59:33Z,Nestle India jumps after strong demand lifts first-quarter profit,https://sg.finance.yahoo.com/news/nestle-india-jumps-strong-demand-075933132.html
NESTLEIND,News discovery,Reuters,2026-07-22T01:35:01Z,"India's FMCG sector faces margin squeeze as costs spike amid strong demand, price hikes",https://sg.finance.yahoo.com/news/indias-fmcg-sector-faces-margin-013501329.html
NESTLEIND,News discovery,Reuters,2026-04-21T09:49:24Z,"Nestle India profit jumps 26% on strong demand, shares rise",https://sg.finance.yahoo.com/news/nestle-india-posts-quarterly-profit-085942919.html
NESTLEIND,News discovery,Reuters,2026-01-30T09:23:46Z,Nestle India profit jumps 46% as tax cuts boost packaged food demand,https://sg.finance.yahoo.com/news/nestle-india-posts-higher-profit-082755776.html
NESTLEIND,News discovery,Reuters,2026-01-16T13:45:06Z,Nestle India names insider Edouard Mac Nab new CFO,https://sg.finance.yahoo.com/news/nestle-india-names-cfo-133240659.html
NESTLEIND,News discovery,Reuters,2025-12-10T12:43:34Z,Nestle India's finance chief to step down,https://sg.finance.yahoo.com/news/nestle-indias-finance-chief-step-124334467.html
IIFL,News discovery,Retail Banker International,2026-09-08T12:00:53Z,Blackstone explores stake in India’s IIFL Finance – report,https://www.retailbankerinternational.com/news/blackstone-explores-stake-in-indias-iifl-finance-report/
IIFL,News discovery,MT Newswires,2026-09-08T10:10:14Z,Market Chatter: Blackstone Eyes Stake in India's IIFL Finance as Fairfax Financial Looks to Exit,https://finance.yahoo.com/markets/stocks/articles/market-chatter-blackstone-eyes-stake-101014054.html
IIFL,News discovery,GuruFocus.com,2026-07-25T01:00:58Z,IIFL Finance Ltd (BOM:532636) Q1 2027 Earnings Call Highlights: Strong Profitability Amidst ...,https://finance.yahoo.com/markets/stocks/articles/iifl-finance-ltd-bom-532636-010058750.html
IIFL,News discovery,Reuters,2026-05-05T11:11:08Z,"India's IIFL Finance revives dollar-bond plan, to meet investors, sources say",https://sg.finance.yahoo.com/news/indias-iifl-finance-revives-dollar-111108996.html
IIFL,News discovery,Reuters,2026-02-11T12:14:38Z,"India's IIFL Finance set to launch its largest public bond sale, sources say",https://sg.finance.yahoo.com/news/indias-iifl-finance-set-launch-121438234.html
IIFL,News discovery,GuruFocus.com,2026-01-27T01:02:32Z,IIFL Finance Ltd (BOM:532636) Q3 2026 Earnings Call Highlights: Robust Growth in Gold Loans and ...,https://finance.yahoo.com/news/iifl-finance-ltd-bom-532636-010232699.html
IIFL,News discovery,Retail Banker International,2026-01-05T11:53:45Z,Knight FinTech raises $23.6m in Accel-led Series A round,https://www.retailbankerinternational.com/banking/knight-fintech-series-a-round/
IIFL,News discovery,GuruFocus.com,2025-11-08T01:01:36Z,IIFL Finance Ltd (BOM:532636) Q2 2026 Earnings Call Highlights: Robust Profit Growth Amid Asset ...,https://finance.yahoo.com/news/iifl-finance-ltd-bom-532636-010136308.html
ABSLAMC,News discovery,GuruFocus.com,2026-07-21T19:00:24Z,Aditya Birla Sun Life AMC Ltd (BOM:543374) Q1 2027 Earnings Call Highlights: Strong AUM Growth ...,https://finance.yahoo.com/markets/stocks/articles/aditya-birla-sun-life-amc-190024780.html
ABSLAMC,News discovery,GuruFocus.com,2026-04-24T11:00:46Z,Aditya Birla Sun Life AMC Ltd (BOM:543374) Q4 2026 Earnings Call Highlights: Navigating Growth ...,https://finance.yahoo.com/markets/stocks/articles/aditya-birla-sun-life-amc-110046560.html
ABSLAMC,News discovery,GuruFocus.com,2026-01-28T01:00:42Z,Aditya Birla Sun Life AMC Ltd (BOM:543374) Q3 2026 Earnings Call Highlights: Record AUM Growth ...,https://finance.yahoo.com/news/aditya-birla-sun-life-amc-010042216.html
ABSLAMC,News discovery,Reuters,2026-01-07T22:25:21Z,"India regulator finds BofA shared confidential information ahead of 2024 block trade, WSJ reports",https://sg.finance.yahoo.com/news/india-regulator-finds-bank-america-215434630.html
